List-ID,List-Nr,Name,empty0,empty1,empty2,empty3,Aufnahmebedingung
1,1,Germaniaplatz_60385.jpeg,,,,,4
2,2,Usinger Strasse_60389.jpeg,,,,,4
3,3,Langenselbolder Strasse_60386.jpeg,,,,,4
4,4,Vogelstrasse_60528.jpeg,,,,,4
5,5,Bleichstrasse_60313.jpeg,,,,,4
6,6,Gutleuthofweg_60327.jpeg,,,,,4
7,7,Breitenbachbruecke_60487.jpeg,,,,,4
8,8,Gelbehirschstrasse_60313.jpeg,,,,,4
9,9,Salvador-Allende-Strasse_60487.jpeg,,,,,4
10,10,Unter den Birken_60596.jpeg,,,,,4
11,11,Melchiorstrasse_65929.jpeg,,,,,4
12,12,An den Postwiesen_60488.jpeg,,,,,4
13,13,Kruppstrasse_60388.jpeg,,,,,4
14,14,Johanna-Spyri-Weg_60438.jpeg,,,,,4
15,15,Apostelstrasse_60528.jpeg,,,,,4
16,16,Rheinstrasse_60325.jpeg,,,,,4
17,17,Heckerstrasse_60529.jpeg,,,,,4
18,18,Malssstrasse_60320.jpeg,,,,,4
19,19,Plessengasse_60386.jpeg,,,,,4
20,20,Daeumling_65936.jpeg,,,,,4
21,21,Josef-Fenzl-Strasse_65929.jpeg,,,,,4
22,22,Buchwaldstrasse_60385.jpeg,,,,,4
23,23,Dunantring_65936.jpeg,,,,,4
24,24,Myliusstrasse_60323.jpeg,,,,,4
25,25,Turiner Strasse_60598.jpeg,,,,,4
26,26,Maybachbruecke_60439.jpeg,,,,,4
27,27,In den Waldgaerten_60488.jpeg,,,,,4
28,28,Rhoenstrasse_60316.jpeg,,,,,4
29,29,Ditmarstrasse_60487.jpeg,,,,,4
30,30,Elsterstrasse_65933.jpeg,,,,,4
31,31,Gisèle-Freund-Platz_60323.jpeg,,,,,4
32,32,Moerfelder Landstrasse_60598.jpeg,,,,,4
33,33,Oberwiesenstrasse_60435.jpeg,,,,,4
34,34,Mauritiusstrasse_60529.jpeg,,,,,4
35,35,Am Steinernen Stock_60320.jpeg,,,,,4
36,36,Rabenkopfweg_65931.jpeg,,,,,4
37,37,Blauenstrasse_60528.jpeg,,,,,4
38,38,Schellingstrasse_60316.jpeg,,,,,4
39,39,Ohmstrasse_60486.jpeg,,,,,4
40,40,Donnersbergstrasse_60528.jpeg,,,,,4
41,41,Rosa-Luxemburg-Strasse_60487.jpeg,,,,,4
42,42,Kreutzerstrasse_60318.jpeg,,,,,4
43,43,Rossittener Strasse_60487.jpeg,,,,,4
44,44,Rostocker Strasse_60323.jpeg,,,,,4
45,45,Legienstrasse_65929.jpeg,,,,,4
46,46,In der Beginenklause_60599.jpeg,,,,,4
47,47,Guenthersburgallee_60389.jpeg,,,,,4
48,48,Jugenheimer Strasse_60528.jpeg,,,,,4
49,49,Anzengruberstrasse_60320.jpeg,,,,,4
50,50,Salmuensterer Strasse_60386.jpeg,,,,,4
51,51,Bachstelzenweg_65929.jpeg,,,,,4
52,52,Neue Schlesingergasse_60311.jpeg,,,,,4
53,53,Friedberger Anlage_60314.jpeg,,,,,4
54,54,Sandaeckerstrasse_65933.jpeg,,,,,4
55,55,Rhonestrasse_60528.jpeg,,,,,4
56,56,Kleine Nelkenstrasse_60488.jpeg,,,,,4
57,57,Chlodwig-Poth-Anlage_65936.jpeg,,,,,4
58,58,Kurmainzer Strasse_65929.jpeg,,,,,4
59,59,Neue Mainzer Strasse_60313.jpeg,,,,,4
60,60,Hermesweg_60316.jpeg,,,,,4
61,61,Hildburghaeuser Weg_65931.jpeg,,,,,4
62,62,Zum Eiskeller_60529.jpeg,,,,,4
63,63,Hesselbergweg_65931.jpeg,,,,,4
64,64,Preungesheimer Strasse_60389.jpeg,,,,,4
65,65,Mainzer Landstrasse_60325.jpeg,,,,,4
66,66,Heylstrasse_60431.jpeg,,,,,4
67,67,Hugo-Wolf-Strasse_60529.jpeg,,,,,4
68,68,Krummauer Strasse_60388.jpeg,,,,,4
69,69,Walter-Kolb-Strasse_60594.jpeg,,,,,4
70,70,Hostatostrasse_65929.jpeg,,,,,4
71,71,Stiftstrasse_60313.jpeg,,,,,4
72,72,Selma-Lagerloef-Strasse_60431.jpeg,,,,,4
73,73,Bruderhofstrasse_60388.jpeg,,,,,4
74,74,Berner Strasse_60437.jpeg,,,,,4
75,75,August-Laubenheimer-Strasse_65929.jpeg,,,,,4
76,76,Neuhofstrasse_60318.jpeg,,,,,4
77,77,Launitzstrasse_60594.jpeg,,,,,4
78,78,Wallfahrtsweg_60389.jpeg,,,,,4
79,79,Neugasse_60437.jpeg,,,,,4
80,80,Dottenfeldstrasse_65936.jpeg,,,,,4
81,81,Rangenbergstrasse_60388.jpeg,,,,,4
82,82,Golub-Lebedenko-Platz_60326.jpeg,,,,,4
83,83,Schichaustrasse_60314.jpeg,,,,,4
84,84,Rotlintstrasse_60389.jpeg,,,,,4
85,85,Hanauer Landstrasse_60314.jpeg,,,,,4
86,86,Biebergasse_60313.jpeg,,,,,4
87,87,Jahnstrasse_60318.jpeg,,,,,4
88,88,Brueningstrasse_65929.jpeg,,,,,4
89,89,Roemerstadtsteg_60439.jpeg,,,,,4
90,90,Radilostrasse_60489.jpeg,,,,,4
91,91,Am Buchbaum_60437.jpeg,,,,,4
92,92,Am Riederbruch_60386.jpeg,,,,,4
93,93,Eysseneckstrasse_60322.jpeg,,,,,4
94,94,Erlenbacher Stadtweg_60437.jpeg,,,,,4
95,95,Tarnowitzer Strasse_65933.jpeg,,,,,4
96,96,Propst-Goebels-Weg_60389.jpeg,,,,,4
97,97,Wittelsbacherallee_60385.jpeg,,,,,4
98,98,Soemmerringstrasse_60322.jpeg,,,,,4
99,99,Ludwigstrasse_60327.jpeg,,,,,4
100,100,Hafentunnel_60329.jpeg,,,,,4
101,101,Schalkwiesenweg_60488.jpeg,,,,,4
102,102,Aussiger Strasse_60598.jpeg,,,,,4
103,103,Polizeimeister-Kaspar-Strasse_60320.jpeg,,,,,4
104,104,Schwarzwaldstrasse_60528.jpeg,,,,,4
105,105,Hoechster Schlossplatz_65929.jpeg,,,,,4
106,106,Am Lohwald_60488.jpeg,,,,,4
107,107,Osthafenbruecke_60314.jpeg,,,,,4
108,108,Am Honigberg_60435.jpeg,,,,,4
109,109,Jakob-Quirin-Weg_60437.jpeg,,,,,4
110,110,Wirschelweg_60437.jpeg,,,,,4
111,111,Georg-Voigt-Strasse_60325.jpeg,,,,,4
112,112,Licher Strasse_60389.jpeg,,,,,4
113,113,Herbert-Boehm-Strasse_60528.jpeg,,,,,4
114,114,Haendelstrasse_60318.jpeg,,,,,4
115,115,Corneliusstrasse_60325.jpeg,,,,,4
116,116,Moenchhofstrasse_60326.jpeg,,,,,4
117,117,Rotteckstrasse_60316.jpeg,,,,,4
118,118,Kamelienstrasse_65929.jpeg,,,,,4
119,119,Elsheimerstrasse_60322.jpeg,,,,,4
120,120,Amtsgasse_65929.jpeg,,,,,4
121,121,Beselerstrasse_60385.jpeg,,,,,4
122,122,Bornheimer Landwehr_60385.jpeg,,,,,4
123,123,Herbert-von-Meister-Strasse_65931.jpeg,,,,,4
124,124,Kaiserleibruecke_60314.jpeg,,,,,4
125,125,Martin-Luther-Strasse_60316.jpeg,,,,,4
126,126,Casparistrasse_60435.jpeg,,,,,4
127,127,Galvanistrasse_60486.jpeg,,,,,4
128,128,Westendstrasse_60325.jpeg,,,,,4
129,129,An der Pfaffenmauer_60388.jpeg,,,,,4
130,130,Melanchthonplatz_60599.jpeg,,,,,4
131,131,Einbaumstrasse_65933.jpeg,,,,,4
132,132,Herriotstrasse_60528.jpeg,,,,,4
133,133,Am Galgenberg_60389.jpeg,,,,,4
134,134,Bornweidstrasse_60388.jpeg,,,,,4
135,135,Platz der vergessenen Kinder_60596.jpeg,,,,,4
136,136,Carlo-Schmid-Platz_60325.jpeg,,,,,4
137,137,Liederbacher Strasse_65929.jpeg,,,,,4
138,138,Egestrasse_60488.jpeg,,,,,4
139,139,Franz-Simon-Strasse_65934.jpeg,,,,,4
140,140,Spitzenstrasse_60437.jpeg,,,,,4
141,141,Neuer Wall_60594.jpeg,,,,,4
142,142,Hammersbacher Weg_60388.jpeg,,,,,4
143,143,Blankenheimer Strasse_60529.jpeg,,,,,4
144,144,Am Martinszehnten_60437.jpeg,,,,,4
145,145,Azaleenweg_60433.jpeg,,,,,4
146,146,Hans-Thoma-Strasse_60596.jpeg,,,,,4
147,147,An der Wolfsweide_60435.jpeg,,,,,4
148,148,Hannah-Arendt-Strasse_60438.jpeg,,,,,4
149,149,Briandring_60598.jpeg,,,,,4
150,150,Alt-Roedelheim_60489.jpeg,,,,,4
151,151,Rauschenberger Strasse_60433.jpeg,,,,,4
152,152,Breslauer Strasse_60598.jpeg,,,,,4
153,153,Stralsunder Strasse_60323.jpeg,,,,,4
154,154,Pfungststrasse_60314.jpeg,,,,,4
155,155,Altkoenigstrasse_60323.jpeg,,,,,4
156,156,Quirinsstrasse_60599.jpeg,,,,,4
157,157,Justinianstrasse_60322.jpeg,,,,,4
158,158,Georg-Speyer-Strasse_60487.jpeg,,,,,4
159,159,Nachtigallenweg_65929.jpeg,,,,,4
160,160,Karl-Albert-Strasse_60385.jpeg,,,,,4
161,161,Am Muehlkanal_60599.jpeg,,,,,4
162,162,Amoeneburger Strasse_60433.jpeg,,,,,4
163,163,Humperdinckstrasse_60598.jpeg,,,,,4
164,164,Roedelheimer Strasse_60487.jpeg,,,,,4
165,165,Aystettstrasse_60322.jpeg,,,,,4
166,166,Am Wasserturm_60435.jpeg,,,,,4
167,167,Von-Bethmann-Park_60316.jpeg,,,,,4
168,168,Junghofstrasse_60311.jpeg,,,,,4
169,169,Lindenstrasse_60325.jpeg,,,,,4
170,170,Unter den Linden_60596.jpeg,,,,,4
171,171,Jakob-Latscha-Strasse_60314.jpeg,,,,,4
172,172,Sindlinger Strasse_60326.jpeg,,,,,4
173,173,Theodor-W.-Adorno-Platz_60323.jpeg,,,,,4
174,174,Leuchte_60388.jpeg,,,,,4
175,175,Habichtsweg_60437.jpeg,,,,,4
176,176,Adolf-Miersch-Strasse_60528.jpeg,,,,,4
177,177,Am Treutengraben_60488.jpeg,,,,,4
178,178,Caecilienstrasse_60433.jpeg,,,,,4
179,179,Emser Strasse_60486.jpeg,,,,,4
180,180,Am Oberforsthaus_60528.jpeg,,,,,4
181,181,Niddastrasse_60327.jpeg,,,,,4
182,182,Skylineblick_60438.jpeg,,,,,4
183,183,Grueneburgpark_60323.jpeg,,,,,4
184,184,Miquelallee_60487.jpeg,,,,,4
185,185,An der Mannsfaust_60599.jpeg,,,,,4
186,186,Welschgrabenstrasse_65931.jpeg,,,,,4
187,187,Juergen-Ponto-Platz_60329.jpeg,,,,,4
188,188,Wilhelm-Koppel-Weg_65934.jpeg,,,,,4
189,189,Am Wetterhahn_60437.jpeg,,,,,4
190,190,Theodor-Heuss-Allee_60327.jpeg,,,,,4
191,191,Unterer Atzemer_60316.jpeg,,,,,4
192,192,Johanniskirchplatz_60385.jpeg,,,,,4
193,193,Auf der Platte_60435.jpeg,,,,,4
194,194,Peter-Henlein-Strasse_60435.jpeg,,,,,4
195,195,Freudenberger Strasse_60599.jpeg,,,,,4
196,196,Nussbaumstrasse_60385.jpeg,,,,,4
197,197,Scheerengasse_60599.jpeg,,,,,4
198,198,Nesselbuschstrasse_60439.jpeg,,,,,4
199,199,Hinter der Krebsmuehle_60439.jpeg,,,,,4
200,200,Buber-Neumann-Weg_60439.jpeg,,,,,4
201,201,Friedrich-List-Strasse_60386.jpeg,,,,,4
202,202,Morsestrasse_60486.jpeg,,,,,4
203,203,Textorstrasse_60596.jpeg,,,,,4
204,204,Hermannspforte_60437.jpeg,,,,,4
205,205,Ampèrestrasse_60486.jpeg,,,,,4
206,206,Breitenbachstrasse_60487.jpeg,,,,,4
207,207,Herbartstrasse_60316.jpeg,,,,,4
208,208,Dreieichstrasse_60594.jpeg,,,,,4
209,209,Franz-Kafka-Strasse_60431.jpeg,,,,,4
210,210,Mierendorffstrasse_60320.jpeg,,,,,4
211,211,Ebereschenweg_60433.jpeg,,,,,4
212,212,Schrimpegasse_60529.jpeg,,,,,4
213,213,Westerbachstrasse_65936.jpeg,,,,,4
214,214,Howaldtstrasse_60314.jpeg,,,,,4
215,215,Bachforellenweg_60327.jpeg,,,,,4
216,216,Leerbachstrasse_60322.jpeg,,,,,4
217,217,An der Wellenburg_60437.jpeg,,,,,4
218,218,Haeussermannstrasse_65933.jpeg,,,,,4
219,219,Goldsteinstrasse_60528.jpeg,,,,,4
220,220,Bruchfeldstrasse_60528.jpeg,,,,,4
221,221,An der Seehecke_60386.jpeg,,,,,4
222,222,Boenstaedter Strasse_60385.jpeg,,,,,4
223,223,Schwedenpfad_65934.jpeg,,,,,4
224,224,Guerickestrasse_60488.jpeg,,,,,4
225,225,Schleiermacherstrasse_60316.jpeg,,,,,4
226,226,Leunastrasse_65929.jpeg,,,,,4
227,227,Waldmeisterpfad_65933.jpeg,,,,,4
228,228,Justinuskirchstrasse_65929.jpeg,,,,,4
229,229,Landgraben_60388.jpeg,,,,,4
230,230,Landauer Strasse_65934.jpeg,,,,,4
231,231,Hansenweg_60599.jpeg,,,,,4
232,232,Hinterm Hain_60437.jpeg,,,,,4
233,233,Gellertstrasse_60389.jpeg,,,,,4
234,234,Koelner Strasse_60327.jpeg,,,,,4
235,235,Holbeinsteg_60596.jpeg,,,,,4
236,236,Ruehlstrasse_60433.jpeg,,,,,4
237,237,Niederraeder Ufer_60528.jpeg,,,,,4
238,238,Am Stiegelschlag_60385.jpeg,,,,,4
239,239,Auerstrasse_65929.jpeg,,,,,4
240,240,Am Dornbusch_60320.jpeg,,,,,4
241,241,Heinz-Raspe-Platz_60314.jpeg,,,,,4
242,242,Rehstrasse_65933.jpeg,,,,,4
243,243,Am Weingarten_60487.jpeg,,,,,4
244,244,Wichernstrasse_60389.jpeg,,,,,4
245,245,Rembrandtstrasse_60596.jpeg,,,,,4
246,246,Boerneplatz_60311.jpeg,,,,,4
247,247,Luciusstrasse_65929.jpeg,,,,,4
248,248,Glauburgstrasse_60318.jpeg,,,,,4
249,249,Ernst-May-Platz_60385.jpeg,,,,,4
250,250,Sophienstrasse_60487.jpeg,,,,,4
251,251,Paulistrasse_65929.jpeg,,,,,4
252,252,Mainzer Landstrasse_60326.jpeg,,,,,4
253,253,Goldammerstrasse_60528.jpeg,,,,,4
254,254,Friedrich-Wilhelm-von-Steuben-Strasse_60488.jpeg,,,,,4
255,255,Wilhelm-Leuschner-Strasse_60329.jpeg,,,,,4
256,256,Hausener Obergasse_60488.jpeg,,,,,4
257,257,Theodor-Stern-Kai_60596.jpeg,,,,,4
258,258,Hainer Weg_60599.jpeg,,,,,4
259,259,Im Trieb_60389.jpeg,,,,,4
260,260,Untermainkai_60311.jpeg,,,,,4
261,261,Fuellerstrasse_60431.jpeg,,,,,4
262,262,Humserstrasse_60320.jpeg,,,,,4
263,263,Kehreinstrasse_65934.jpeg,,,,,4
264,264,Honsellbruecke_60314.jpeg,,,,,4
265,265,Droysenstrasse_60385.jpeg,,,,,4
266,266,Trajanstrasse_60439.jpeg,,,,,4
267,267,Solmsstrasse_60486.jpeg,,,,,4
268,268,Graefendeichstrasse_60599.jpeg,,,,,4
269,269,Buchrainplatz_60599.jpeg,,,,,4
270,270,Hasselhorstweg_60599.jpeg,,,,,4
271,271,Max-Horkheimer-Strasse_60323.jpeg,,,,,4
272,272,Anspacher Strasse_60326.jpeg,,,,,4
273,273,Josbacher Strasse_60326.jpeg,,,,,4
274,274,Ruesterstrasse_60325.jpeg,,,,,4
275,275,Leipziger Strasse_60487.jpeg,,,,,4
276,276,Grosse Gallusstrasse_60312.jpeg,,,,,4
277,277,Garbenstrasse_60327.jpeg,,,,,4
278,278,Mainkai_60311.jpeg,,,,,4
279,279,Heinrich-Luebke-Strasse_60488.jpeg,,,,,4
280,280,Grosse Fischerstrasse_60311.jpeg,,,,,4
281,281,Platanenstrasse_65933.jpeg,,,,,4
282,282,Ziegelei-Allee_60488.jpeg,,,,,4
283,283,Vogesenstrasse_60529.jpeg,,,,,4
284,284,Goethestrasse_60313.jpeg,,,,,4
285,285,Grosse Nelkenstrasse_60488.jpeg,,,,,4
286,286,Feuerbachstrasse_60325.jpeg,,,,,4
287,287,Woogstrasse_60431.jpeg,,,,,4
288,288,Mitscherlichplatz_60323.jpeg,,,,,4
289,289,Battonnstrasse_60311.jpeg,,,,,4
290,290,Rossertstrasse_60323.jpeg,,,,,4
291,291,Schwalbacher Strasse_60326.jpeg,,,,,4
292,292,Kopernikusstrasse_65929.jpeg,,,,,4
293,293,Zorbachstrasse_60435.jpeg,,,,,4
294,294,Ahornstrasse_65933.jpeg,,,,,4
295,295,Landgrafenstrasse_60487.jpeg,,,,,4
296,296,Caecilie-Breckheimer-Platz_60386.jpeg,,,,,4
297,297,Gruene Strasse_60316.jpeg,,,,,4
298,298,Albanusstrasse_65929.jpeg,,,,,4
299,299,Kochstrasse_60599.jpeg,,,,,4
300,300,Kobbachstrasse_60433.jpeg,,,,,4
301,301,Koenigsteiner Strasse_65929.jpeg,,,,,4
302,302,Eichendorffstrasse_60320.jpeg,,,,,4
303,303,Dorfelder Strasse_60385.jpeg,,,,,4
304,304,Kleiner Hirschgraben_60311.jpeg,,,,,4
305,305,Roederbergweg_60316.jpeg,,,,,4
306,306,Mailaender Strasse_60598.jpeg,,,,,4
307,307,Babenhaeuser Landstrasse_60599.jpeg,,,,,4
308,308,Griesheimer Stadtweg_60327.jpeg,,,,,4
309,309,Jakob-Heller-Strasse_60320.jpeg,,,,,4
310,310,Leunabruecke_60529.jpeg,,,,,4
311,311,Im Sperber_60388.jpeg,,,,,4
312,312,Allerheiligenstrasse_60313.jpeg,,,,,4
313,313,Leonhardsgasse_60389.jpeg,,,,,4
314,314,Johannesallee_65929.jpeg,,,,,4
315,315,Kurt-Schumacher-Strasse_60311.jpeg,,,,,4
316,316,Chattenweg_65929.jpeg,,,,,4
317,317,Miltenberger Strasse_60599.jpeg,,,,,4
318,318,Volgersbrunnenweg_60386.jpeg,,,,,4
319,319,Auf der Lindenhoehe_60433.jpeg,,,,,4
320,320,Burgholzer Platz_60433.jpeg,,,,,4
321,321,Karl-Gerold-Platz_60594.jpeg,,,,,4
322,322,Herborner Strasse_60439.jpeg,,,,,4
323,323,Liebknechtstrasse_65929.jpeg,,,,,4
324,324,Anemonenpfad_65933.jpeg,,,,,4
325,325,Am Brennhaus_65933.jpeg,,,,,4
326,326,Bischofsweg_60598.jpeg,,,,,4
327,327,In der Schildwacht_65933.jpeg,,,,,4
328,328,Sinner Weg_60439.jpeg,,,,,4
329,329,Sandhofstrasse_60528.jpeg,,,,,4
330,330,Am Rebenborn_60388.jpeg,,,,,4
331,331,Carl-von-Noorden-Platz_60596.jpeg,,,,,4
332,332,Mainluststrasse_60329.jpeg,,,,,4
333,333,Landvogtstrasse_60320.jpeg,,,,,4
334,334,Martin-Weber-Platz_60385.jpeg,,,,,4
335,335,Pfingstbrunnenstrasse_60486.jpeg,,,,,4
336,336,Marienstrasse_60329.jpeg,,,,,4
337,337,Koenigswarterstrasse_60316.jpeg,,,,,4
338,338,Lia-Woehr-Platz_60327.jpeg,,,,,4
339,339,An der Bitz_60488.jpeg,,,,,4
340,340,Stegerwaldstrasse_65929.jpeg,,,,,4
341,341,Deutschherrnbruecke_60594.jpeg,,,,,4
342,342,Eiserner Steg_60594.jpeg,,,,,4
343,343,Giessener Strasse_60435.jpeg,,,,,4
344,344,Herzogstrasse_60528.jpeg,,,,,4
345,345,Ossietzkystrasse_60598.jpeg,,,,,4
346,346,Camberger Strasse_60327.jpeg,,,,,4
347,347,Max-Hirsch-Strasse_60386.jpeg,,,,,4
348,348,Hermann-Brill-Strasse_65931.jpeg,,,,,4
349,349,Laerchenstrasse_65933.jpeg,,,,,4
350,350,Birkenweg_60486.jpeg,,,,,4
351,351,Alt-Zeilsheim_65931.jpeg,,,,,4
352,352,Offenbacher Landstrasse_60599.jpeg,,,,,4
353,353,Praechterstrasse_60431.jpeg,,,,,4
354,354,Jaspertstrasse_60435.jpeg,,,,,4
355,355,Ilkenhansstrasse_60433.jpeg,,,,,4
356,356,Fritzlarer Strasse_60487.jpeg,,,,,4
357,357,Vogelweidstrasse_60596.jpeg,,,,,4
358,358,Heinrich-Lanz-Allee_60437.jpeg,,,,,4
359,359,Ferdinand-Schrey-Weg_60598.jpeg,,,,,4
360,360,Wed_65929.jpeg,,,,,4
361,361,Unterlindau_60323.jpeg,,,,,4
362,362,Eschersheimer Landstrasse_60322.jpeg,,,,,4
363,363,Manskopfstrasse_60486.jpeg,,,,,4
364,364,Am Seckbacher Preul_60389.jpeg,,,,,4
365,365,Kandelstrasse_60528.jpeg,,,,,4
366,366,Am Weidenbaum_65933.jpeg,,,,,4
367,367,Baseler Strasse_60329.jpeg,,,,,4
368,368,Schottener Strasse_60435.jpeg,,,,,4
369,369,An der Rosenkranzkirche_60389.jpeg,,,,,4
370,370,Loreleistrasse_65929.jpeg,,,,,4
371,371,Hugo-Eckener-Ring_60549.jpeg,,,,,4
372,372,Hofeckweg_60320.jpeg,,,,,4
373,373,Rechneigrabenstrasse_60311.jpeg,,,,,4
374,374,Martin-Elsaesser-Weg_60314.jpeg,,,,,4
375,375,Muehlwehrstrasse_60488.jpeg,,,,,4
376,376,Iselinstrasse_60386.jpeg,,,,,4
377,377,An der alten Ziegelei_60437.jpeg,,,,,4
378,378,Wendelsplatz_60598.jpeg,,,,,4
379,379,Am Eschbachtal_60437.jpeg,,,,,4
380,380,Auf der Suelze_60385.jpeg,,,,,4
381,381,Alter Gerichtsplatz_60438.jpeg,,,,,4
382,382,Zeppelinpark_60486.jpeg,,,,,4
383,383,Haenggasse_60529.jpeg,,,,,4
384,384,Metzstrasse_60487.jpeg,,,,,4
385,385,Hohenstaufenstrasse_60327.jpeg,,,,,4
386,386,Heidelbachstrasse_60385.jpeg,,,,,4
387,387,Zum Stulen_60438.jpeg,,,,,4
388,388,Woersdorfer Strasse_60326.jpeg,,,,,4
389,389,Paquetstrasse_60431.jpeg,,,,,4
390,390,Im Fueldchen_60489.jpeg,,,,,4
391,391,Okrifteler Strasse_65931.jpeg,,,,,4
392,392,Schaefers Gaerten_60431.jpeg,,,,,4
393,393,Weiherstrasse_60314.jpeg,,,,,4
394,394,Alte Rothofstrasse_60313.jpeg,,,,,4
395,395,Braunschweiger Weg_65931.jpeg,,,,,4
396,396,Mockstaedter Strasse_65931.jpeg,,,,,4
397,397,Koernerstrasse_60322.jpeg,,,,,4
398,398,In den Schafgaerten_60437.jpeg,,,,,4
399,399,Kniebisstrasse_60528.jpeg,,,,,4
400,400,Wilhelmshoeher Strasse_60389.jpeg,,,,,4
401,401,Am Wingert_60437.jpeg,,,,,4
402,402,Wilhelm-Roser-Weg_65929.jpeg,,,,,4
403,403,Dalbergstrasse_65929.jpeg,,,,,4
404,404,August-Schanz-Strasse_60433.jpeg,,,,,4
405,405,Ludwigsburger Weg_65931.jpeg,,,,,4
406,406,Schadowstrasse_60596.jpeg,,,,,4
407,407,Porzellanhofstrasse_60313.jpeg,,,,,4
408,408,Strassheimstrasse_60596.jpeg,,,,,4
409,409,Steinkleestrasse_60435.jpeg,,,,,4
410,410,Florianweg_60388.jpeg,,,,,4
411,411,Am Sandberg_60599.jpeg,,,,,4
412,412,Krautgartenweg_60439.jpeg,,,,,4
413,413,Basaltstrasse_60487.jpeg,,,,,4
414,414,Unterer Kalbacher Weg_60437.jpeg,,,,,4
415,415,Klingenweg_60388.jpeg,,,,,4
416,416,Zillestrasse_60488.jpeg,,,,,4
417,417,Osthafenplatz_60314.jpeg,,,,,4
418,418,Bruchfeldplatz_60528.jpeg,,,,,4
419,419,Gerbermuehlstrasse_60599.jpeg,,,,,4
420,420,Christiane-Vulpius-Strasse_60438.jpeg,,,,,4
421,421,Reuterweg_60323.jpeg,,,,,4
422,422,Oeserstrasse_65934.jpeg,,,,,4
423,423,Kleine Brueckenstrasse_60594.jpeg,,,,,4
424,424,Dietrich-Bonhoeffer-Weg_60389.jpeg,,,,,4
425,425,Im Doerner_60388.jpeg,,,,,4
426,426,Frauensteinstrasse_60322.jpeg,,,,,4
427,427,Boehmerstrasse_60322.jpeg,,,,,4
428,428,Am Steinberg_60437.jpeg,,,,,4
429,429,Zentmarkweg_60489.jpeg,,,,,4
430,430,Ambronenpfad_65929.jpeg,,,,,4
431,431,Brommstrasse_60320.jpeg,,,,,4
432,432,Max-Quarck-Strasse_60596.jpeg,,,,,4
433,433,Merianplatz_60316.jpeg,,,,,4
434,434,Cretzschmarstrasse_60487.jpeg,,,,,4
435,435,Elisabethenplatz_60486.jpeg,,,,,4
436,436,Treisberger Strasse_60439.jpeg,,,,,4
437,437,Ludwig-Scriba-Strasse_65929.jpeg,,,,,4
438,438,Melemstrasse_60322.jpeg,,,,,4
439,439,Beunestrasse_65934.jpeg,,,,,4
440,440,Bolongarostrasse_65929.jpeg,,,,,4
441,441,Marschnerstrasse_60318.jpeg,,,,,4
442,442,Zehntgasse_60529.jpeg,,,,,4
443,443,Weserstrasse_60329.jpeg,,,,,4
444,444,Floersheimer Strasse_60326.jpeg,,,,,4
445,445,Sondershausenstrasse_60326.jpeg,,,,,4
446,446,Kiebitzpfad_65933.jpeg,,,,,4
447,447,Zum Erlengrund_60437.jpeg,,,,,4
448,448,Saarbruecker Strasse_60529.jpeg,,,,,4
449,449,Grosse Bockenheimer Strasse (Fressgass´)_60313.jpeg,,,,,4
450,450,Gladenbacher Weg_60489.jpeg,,,,,4
451,451,Zum Schaeferkoeppel_60437.jpeg,,,,,4
452,452,Schweizer Platz_60594.jpeg,,,,,4
453,453,Glaserstrasse_60599.jpeg,,,,,4
454,454,Schmalkaldener Strasse_65929.jpeg,,,,,4
455,455,Im Teller_60599.jpeg,,,,,4
456,456,Ludwig-Reinheimer-Strasse_60439.jpeg,,,,,4
457,457,Schmickbruecke_60314.jpeg,,,,,4
458,458,Birsteiner Strasse_60386.jpeg,,,,,4
459,459,Nieder Kirchweg_65934.jpeg,,,,,4
460,460,Dunckerstrasse_60386.jpeg,,,,,4
461,461,Schoenecker Strasse_60388.jpeg,,,,,4
462,462,Rothschildpark_60323.jpeg,,,,,4
463,463,Auf dem Gleichen_65934.jpeg,,,,,4
464,464,Gagernstrasse_60385.jpeg,,,,,4
465,465,Feststrasse_60316.jpeg,,,,,4
466,466,Hofgartenweg_60389.jpeg,,,,,4
467,467,Riedstrasse_60388.jpeg,,,,,4
468,468,Am Jessenapfel_60435.jpeg,,,,,4
469,469,Hoffeldstrasse_60599.jpeg,,,,,4
470,470,Bruehlstrasse_60439.jpeg,,,,,4
471,471,Francstrasse_60320.jpeg,,,,,4
472,472,Westenbergerstrasse_65931.jpeg,,,,,4
473,473,Kalbaecher Gasse (Fressgass')_60313.jpeg,,,,,4
474,474,Falltorstrasse_60385.jpeg,,,,,4
475,475,Schaubstrasse_60596.jpeg,,,,,4
476,476,Georg-Treser-Strasse_60599.jpeg,,,,,4
477,477,Sulzbacher Strasse_60326.jpeg,,,,,4
478,478,Annabergstrasse_65931.jpeg,,,,,4
479,479,Wildunger Strasse_60487.jpeg,,,,,4
480,480,Grafenstrasse_60433.jpeg,,,,,4
481,481,Im Vogelsgesang_60488.jpeg,,,,,4
482,482,Horst-Schulmann-Strasse_60314.jpeg,,,,,4
483,483,Klarastrasse_60433.jpeg,,,,,4
484,484,Fuerstenbergerstrasse_60323.jpeg,,,,,4
485,485,Oeder Weg_60318.jpeg,,,,,4
486,486,Paul-Heyse-Strasse_60431.jpeg,,,,,4
487,487,Stoltzestrasse_60311.jpeg,,,,,4
488,488,In der Au_60489.jpeg,,,,,4
489,489,Melsunger Strasse_60389.jpeg,,,,,4
490,490,Trakehner Strasse_60487.jpeg,,,,,4
491,491,Ammelburgstrasse_60320.jpeg,,,,,4
492,492,Schliemannweg_60435.jpeg,,,,,4
493,493,Querstrasse_60322.jpeg,,,,,4
494,494,Muensterer Strasse_60326.jpeg,,,,,4
495,495,Scheidswaldstrasse_60385.jpeg,,,,,4
496,496,Konstablerwache_60313.jpeg,,,,,4
497,497,Taunustor_60310.jpeg,,,,,4
498,498,Robert-Schnitzer-Strasse_65929.jpeg,,,,,4
499,499,Biedenkopfer Weg_60489.jpeg,,,,,4
500,500,Scherbiusstrasse_60486.jpeg,,,,,4
501,501,Goetheplatz_60311.jpeg,,,,,4
502,502,Im Woerth_60433.jpeg,,,,,4
503,503,Haeuser Gasse_60487.jpeg,,,,,4
504,504,Darmstaedter Landstrasse_60594.jpeg,,,,,4
505,505,Kurfuerstenplatz_60486.jpeg,,,,,4
506,506,Unter den Buchen_60596.jpeg,,,,,4
507,507,Rossbachstrasse_60488.jpeg,,,,,4
508,508,Adam-Opel-Strasse_60386.jpeg,,,,,4
509,509,Am Muehlgarten_60431.jpeg,,,,,4
510,510,Eltviller Strasse_65936.jpeg,,,,,4
511,511,Sudermannstrasse_60431.jpeg,,,,,4
512,512,Carl-Benz-Strasse_60314.jpeg,,,,,4
513,513,Philippsruher Strasse_60314.jpeg,,,,,4
514,514,An der Pfarrwiese_60437.jpeg,,,,,4
515,515,Leo-Gans-Strasse_60386.jpeg,,,,,4
516,516,Eckenheimer Landstrasse_60435.jpeg,,,,,4
517,517,Riedbergplatz_60438.jpeg,,,,,4
518,518,Kransberger Weg_60439.jpeg,,,,,4
519,519,Fleischergasse_60487.jpeg,,,,,4
520,520,Elbinger Strasse_60487.jpeg,,,,,4
521,521,Merziger Weg_60529.jpeg,,,,,4
522,522,Muthesiusweg_60488.jpeg,,,,,4
523,523,Am Alten Volkshaus_60386.jpeg,,,,,4
524,524,Voltenseestrasse_60388.jpeg,,,,,4
525,525,Grosse Eschenheimer Strasse_60313.jpeg,,,,,4
526,526,Alt-Kalbach_60437.jpeg,,,,,4
527,527,Eichwaldstrasse_60389.jpeg,,,,,4
528,528,Kurfuerstenstrasse_60486.jpeg,,,,,4
529,529,François-Mitterrand-Platz_60329.jpeg,,,,,4
530,530,Niederurseler Landstrasse_60439.jpeg,,,,,4
531,531,Oberweg_60318.jpeg,,,,,4
532,532,Juchostrasse_60385.jpeg,,,,,4
533,533,Wolfshohl_60437.jpeg,,,,,4
534,534,Mahraeckerstrasse_60431.jpeg,,,,,4
535,535,Martin-Luther-Strasse_60389.jpeg,,,,,4
536,536,Emser Bruecke_60486.jpeg,,,,,4
537,537,Heinz-Saalig-Weg_60386.jpeg,,,,,4
538,538,Feldbergstrasse_60323.jpeg,,,,,4
539,539,Laenderweg_60599.jpeg,,,,,4
540,540,Martin-Henrich-Anlage_60529.jpeg,,,,,4
541,541,Mittelseestrasse_60386.jpeg,,,,,4
542,542,Paul-Ehrlich-Strasse_60596.jpeg,,,,,4
543,543,Augrabenweg_65929.jpeg,,,,,4
544,544,Gerstweg_60528.jpeg,,,,,4
545,545,Carl-Benz-Strasse_60386.jpeg,,,,,4
546,546,Max-Reger-Strasse_60598.jpeg,,,,,4
547,547,Alt-Nied_65934.jpeg,,,,,4
548,548,Frankensteiner Strasse_60594.jpeg,,,,,4
549,549,Goetheplatz_60313.jpeg,,,,,4
550,550,Koselstrasse_60318.jpeg,,,,,4
551,551,Schwanheimer Bruecke_65934.jpeg,,,,,4
552,552,Heinrich-Roessler-Strasse_60433.jpeg,,,,,4
553,553,Kastellstrasse_60439.jpeg,,,,,4
554,554,Gemuendener Strasse_60599.jpeg,,,,,4
555,555,Kronthaler Strasse_60326.jpeg,,,,,4
556,556,Auf dem Muehlberg_60599.jpeg,,,,,4
557,557,Musikantenweg_60316.jpeg,,,,,4
558,558,Kilianstaedter Strasse_60386.jpeg,,,,,4
559,559,Zum Pfarrturm_60311.jpeg,,,,,4
560,560,Heinrich-Limpert-Weg_60599.jpeg,,,,,4
561,561,Mithrasstrasse_60439.jpeg,,,,,4
562,562,Blankenburger Weg_65931.jpeg,,,,,4
563,563,Lyoner Strasse_60528.jpeg,,,,,4
564,564,Robert-Mayer-Strasse_60325.jpeg,,,,,4
565,565,Elbestrasse_60329.jpeg,,,,,4
566,566,Barckhausstrasse_60325.jpeg,,,,,4
567,567,Autogenstrasse_65933.jpeg,,,,,4
568,568,Kranichsteiner Strasse_60598.jpeg,,,,,4
569,569,Brossstrasse_60487.jpeg,,,,,4
570,570,Zeilweg_60439.jpeg,,,,,4
571,571,Waidmannstrasse_60596.jpeg,,,,,4
572,572,Am Weimarfloss_60431.jpeg,,,,,4
573,573,Breitlacherstrasse_60489.jpeg,,,,,4
574,574,An den Weiden_60433.jpeg,,,,,4
575,575,Kaulbachstrasse_60594.jpeg,,,,,4
576,576,Birkholzweg_60433.jpeg,,,,,4
577,577,Wildenbruchstrasse_60431.jpeg,,,,,4
578,578,Im Ziegelfeld_65934.jpeg,,,,,4
579,579,Nell-Breuning-Strasse_60596.jpeg,,,,,4
580,580,Friedberger Platz_60316.jpeg,,,,,4
581,581,Moselstrasse_60329.jpeg,,,,,4
582,582,ueber der Heiern_60437.jpeg,,,,,4
583,583,Eschenbachstrasse_60596.jpeg,,,,,4
584,584,Ludwig-Tieck-Strasse_60431.jpeg,,,,,4
585,585,Poststrasse_60329.jpeg,,,,,4
586,586,Hammarskjoeldring_60439.jpeg,,,,,4
587,587,Lahnstrasse_60326.jpeg,,,,,4
588,588,Strasse zur Internationalen Schule_65931.jpeg,,,,,4
589,589,Am Graben_60529.jpeg,,,,,4
590,590,Mark-Aurel-Strasse_60439.jpeg,,,,,4
591,591,An der Rotterdamer Werft_60327.jpeg,,,,,4
592,592,Alpenroder Strasse_65936.jpeg,,,,,4
593,593,Eckenheimer Schulstrasse_60435.jpeg,,,,,4
594,594,Lerchesbergring_60598.jpeg,,,,,4
595,595,Speckgasse_60599.jpeg,,,,,4
596,596,Lorsbacher Strasse_60326.jpeg,,,,,4
597,597,Osthafenbruecke_60599.jpeg,,,,,4
598,598,In der Kruemm_65934.jpeg,,,,,4
599,599,Johann-Klotz-Strasse_60528.jpeg,,,,,4
600,600,Cohausenstrasse_60439.jpeg,,,,,4
601,601,Westhafenplatz_60327.jpeg,,,,,4
602,602,Am Lindenbaum_60433.jpeg,,,,,4
603,603,Junghofstrasse_60315.jpeg,,,,,4
604,604,Luzernenweg_60433.jpeg,,,,,4
605,605,Im Heimgarten_60389.jpeg,,,,,4
606,606,Hessenplatz_60487.jpeg,,,,,4
607,607,Bleiweissstrasse_60599.jpeg,,,,,4
608,608,Wiesbadener Strasse_65931.jpeg,,,,,4
609,609,Fahrgasse_60311.jpeg,,,,,4
610,610,Niederbornstrasse_60435.jpeg,,,,,4
611,611,Bonameser Strasse_60433.jpeg,,,,,4
612,612,Im Winkel_60388.jpeg,,,,,4
613,613,An der Oberpforte_60388.jpeg,,,,,4
614,614,Haingasse_60388.jpeg,,,,,4
615,615,Leonhardskirchhof_60311.jpeg,,,,,4
616,616,Vogtstrasse_60322.jpeg,,,,,4
617,617,Greifstrasse_60486.jpeg,,,,,4
618,618,Schoenstrasse_60327.jpeg,,,,,4
619,619,An der Dammheide_60486.jpeg,,,,,4
620,620,Hans-Burggraf-Anlage_60431.jpeg,,,,,4
621,621,Schmittener Strasse_60489.jpeg,,,,,4
622,622,Klimsch-Anlage_60320.jpeg,,,,,4
623,623,Enge Gasse_60433.jpeg,,,,,4
624,624,Unter den Eschen_60596.jpeg,,,,,4
625,625,Hedderichstrasse_60594.jpeg,,,,,4
626,626,Apoldaer Weg_65931.jpeg,,,,,4
627,627,Duesseldorfer Strasse_60329.jpeg,,,,,4
628,628,Neuer Weg_60388.jpeg,,,,,4
629,629,Woerbachstrasse_60439.jpeg,,,,,4
630,630,Klueberstrasse_60325.jpeg,,,,,4
631,631,Karoline-Veith-Strasse_60486.jpeg,,,,,4
632,632,An der Steinmuehle_65934.jpeg,,,,,4
633,633,Roemerbruecke_60431.jpeg,,,,,4
634,634,Allerheiligentor_60311.jpeg,,,,,4
635,635,Hochfeldstrasse_60437.jpeg,,,,,4
636,636,Werner-Bockelmann-Strasse_65934.jpeg,,,,,4
637,637,Rumpenheimer Strasse_60388.jpeg,,,,,4
638,638,Stefan-Zweig-Strasse_60431.jpeg,,,,,4
639,639,Oberfeldstrasse_60439.jpeg,,,,,4
640,640,Clementineweg_60385.jpeg,,,,,4
641,641,Weckmarkt_60311.jpeg,,,,,4
642,642,Ginnheimer Hohl_60431.jpeg,,,,,4
643,643,Strasse der Nationen_60327.jpeg,,,,,4
644,644,An der Wildhube_60529.jpeg,,,,,4
645,645,Karl-von-Drais-Strasse_60435.jpeg,,,,,4
646,646,Kleinschmidtstrasse_60431.jpeg,,,,,4
647,647,An der Faehre_65933.jpeg,,,,,4
648,648,Karl-Schueler-Weg_65929.jpeg,,,,,4
649,649,Im Nardholz_60433.jpeg,,,,,4
650,650,Fritschengaesschen_60594.jpeg,,,,,4
651,651,Fleckenbuehlstrasse_60437.jpeg,,,,,4
652,652,Roentgenstrasse_60388.jpeg,,,,,4
653,653,Im Burgfeld_60439.jpeg,,,,,4
654,654,Sigmund-Freud-Strasse_60435.jpeg,,,,,4
655,655,Espenstrasse_65933.jpeg,,,,,4
656,656,Am Huehnerberg_65934.jpeg,,,,,4
657,657,Kelkheimer Strasse_60326.jpeg,,,,,4
658,658,Breidensteiner Weg_60489.jpeg,,,,,4
659,659,Imkerweg_65931.jpeg,,,,,4
660,660,Roemerbruecke_60439.jpeg,,,,,4
661,661,Alt-Praunheim_60488.jpeg,,,,,4
662,662,Roemerberg_60311.jpeg,,,,,4
663,663,Homburger Landstrasse_60435.jpeg,,,,,4
664,664,Gickelgasse_60437.jpeg,,,,,4
665,665,Wilhelm-Epstein-Strasse_60431.jpeg,,,,,4
666,666,Bertramswiese_60320.jpeg,,,,,4
667,667,Frankenallee_60327.jpeg,,,,,4
668,668,Schwedenkronenplatz_60313.jpeg,,,,,4
669,669,Daimlerstrasse_60314.jpeg,,,,,4
670,670,Erich-Ollenhauer-Ring_60439.jpeg,,,,,4
671,671,Bilsteinweg_60435.jpeg,,,,,4
672,672,Miquelanlage_60320.jpeg,,,,,4
673,673,Porthstrasse_60435.jpeg,,,,,4
674,674,Strasse der Nationen_60486.jpeg,,,,,4
675,675,Schmidtbornstrasse_65934.jpeg,,,,,4
676,676,Danneckerstrasse_60594.jpeg,,,,,4
677,677,Dahlmannstrasse_60385.jpeg,,,,,4
678,678,Burnitzstrasse_60596.jpeg,,,,,4
679,679,Diezer Strasse_60439.jpeg,,,,,4
680,680,Buchrainstrasse_60599.jpeg,,,,,4
681,681,Lissabonner Strasse_60327.jpeg,,,,,4
682,682,Morgenzeile_60529.jpeg,,,,,4
683,683,Tillystrasse_65934.jpeg,,,,,4
684,684,Hebelstrasse_60318.jpeg,,,,,4
685,685,Heinz-Herbert-Karry-Strasse_60389.jpeg,,,,,4
686,686,August-Euler-Strasse_60486.jpeg,,,,,4
687,687,Oelmuehlgasse_60489.jpeg,,,,,4
688,688,Am Saalenbusch_60386.jpeg,,,,,4
689,689,Luxemburgerallee_60385.jpeg,,,,,4
690,690,Lehmkautstrasse_65931.jpeg,,,,,4
691,691,Zeppelinallee_60487.jpeg,,,,,4
692,692,Palmstrasse_60316.jpeg,,,,,4
693,693,Kleine Hochstrasse_60313.jpeg,,,,,4
694,694,Tischbeinstrasse_60596.jpeg,,,,,4
695,695,Mannheimer Strasse_60329.jpeg,,,,,4
696,696,Am Kunzengarten_65936.jpeg,,,,,4
697,697,Heinestrasse_60322.jpeg,,,,,4
698,698,Jean-Paul-Strasse_60320.jpeg,,,,,4
699,699,Alter Wartweg_60388.jpeg,,,,,4
700,700,Walter-Schwagenscheidt-Platz_60439.jpeg,,,,,4
701,701,Hungener Strasse_60389.jpeg,,,,,4
702,702,Sossenheimer Muehlgasse_65936.jpeg,,,,,4
703,703,Dehnhardtstrasse_60433.jpeg,,,,,4
704,704,Mainzer Landstrasse_60327.jpeg,,,,,4
705,705,Pfannmuellerstrasse_60488.jpeg,,,,,4
706,706,Haardtwaldplatz_60528.jpeg,,,,,4
707,707,Sandplackenstrasse_60488.jpeg,,,,,4
708,708,Orthstrasse_60385.jpeg,,,,,4
709,709,Katzenpforte_60313.jpeg,,,,,4
710,710,Duerkheimer Strasse_65934.jpeg,,,,,4
711,711,Am Gemeindegarten_65933.jpeg,,,,,4
712,712,Emser Bruecke_60327.jpeg,,,,,4
713,713,Kastanienstrasse_65933.jpeg,,,,,4
714,714,Eschenheimer Anlage_60318.jpeg,,,,,4
715,715,Obere Ruetzelstrasse_65933.jpeg,,,,,4
716,716,In den Aspen_60437.jpeg,,,,,4
717,717,Kurzroederstrasse_60435.jpeg,,,,,4
718,718,An der Festeburg_60389.jpeg,,,,,4
719,719,Erntestrasse_60327.jpeg,,,,,4
720,720,Adolfstrasse_60528.jpeg,,,,,4
721,721,Ackermannstrasse_60326.jpeg,,,,,4
722,722,Rossdorfer Strasse_60385.jpeg,,,,,4
723,723,Adolf-Leweke-Strasse_60435.jpeg,,,,,4
724,724,Marbachweg_60389.jpeg,,,,,4
725,725,Karl-Marx-Strasse_60386.jpeg,,,,,4
726,726,Otto-Brenner-Strasse_65936.jpeg,,,,,4
727,727,Holzhausenstrasse_60322.jpeg,,,,,4
728,728,Ignatz-Bubis-Bruecke_60311.jpeg,,,,,4
729,729,Ettinghausen-Platz_65929.jpeg,,,,,4
730,730,In den Seewiesen_60437.jpeg,,,,,4
731,731,Inckusstrasse_60320.jpeg,,,,,4
732,732,Alte Fahrt_60437.jpeg,,,,,4
733,733,Arnsburger Strasse_60385.jpeg,,,,,4
734,734,Kueferstrasse_65931.jpeg,,,,,4
735,735,Gederner Strasse_60435.jpeg,,,,,4
736,736,Pfingstbornstrasse_65931.jpeg,,,,,4
737,737,Roedelheimer Landstrasse_60486.jpeg,,,,,4
738,738,Schalksbornstrasse_60388.jpeg,,,,,4
739,739,Alfred-Delp-Strasse_60599.jpeg,,,,,4
740,740,Marianne-Beuchert-Platz_60435.jpeg,,,,,4
741,741,Wiesbadener Strasse_60489.jpeg,,,,,4
742,742,Gref-Voelsing-Strasse_60314.jpeg,,,,,4
743,743,Diesterwegplatz_60594.jpeg,,,,,4
744,744,Jakobsbrunnenstrasse_60386.jpeg,,,,,4
745,745,Friedrich-Kahl-Strasse_60489.jpeg,,,,,4
746,746,Grosse Gallusstrasse_60311.jpeg,,,,,4
747,747,Am Steinernen Kreuz_65933.jpeg,,,,,4
748,748,Niederurseler Steg_60439.jpeg,,,,,4
749,749,Kleemannstrasse_60489.jpeg,,,,,4
750,750,Tacitusstrasse_60439.jpeg,,,,,4
751,751,Pflugstrasse_60431.jpeg,,,,,4
752,752,Leibbrandstrasse_60314.jpeg,,,,,4
753,753,Siebenbuergenstrasse_60388.jpeg,,,,,4
754,754,Im Eichwaeldchen_60488.jpeg,,,,,4
755,755,Philipp-Holzmann-Weg_60314.jpeg,,,,,4
756,756,Nusszeil_60433.jpeg,,,,,4
757,757,Fabriciusstrasse_65933.jpeg,,,,,4
758,758,Baerenstrasse_60316.jpeg,,,,,4
759,759,Taubenstrasse_60313.jpeg,,,,,4
760,760,Huegelstrasse_60433.jpeg,,,,,4
761,761,Pfortenstrasse_60386.jpeg,,,,,4
762,762,Adelonstrasse_65929.jpeg,,,,,4
763,763,Vilbeler Strasse_60313.jpeg,,,,,4
764,764,Neue Boersenstrasse_60487.jpeg,,,,,4
765,765,Wilhelm-Schmelz-Weg_65934.jpeg,,,,,4
766,766,Burgenlandweg_60599.jpeg,,,,,4
767,767,Karpfenweg_60327.jpeg,,,,,4
768,768,Eschersheimer Landstrasse_60323.jpeg,,,,,4
769,769,Niddagaustrasse_60489.jpeg,,,,,4
770,770,Lichtensteinstrasse_60322.jpeg,,,,,4
771,771,Kurzgasse_60489.jpeg,,,,,4
772,772,Alt-Eschersheim_60433.jpeg,,,,,4
773,773,Hugenottenallee_60528.jpeg,,,,,4
774,774,Stegstrasse_60594.jpeg,,,,,4
775,775,Guenther-Groenhoff-Strasse_60487.jpeg,,,,,4
776,776,Riedrain_65936.jpeg,,,,,4
777,777,Huegelstrasse_60435.jpeg,,,,,4
778,778,Flughafenstrasse_60528.jpeg,,,,,4
779,779,Schneidmuehlenweg_65929.jpeg,,,,,4
780,780,Friedrich-Ebert-Anlage_60325.jpeg,,,,,4
781,781,Friedberger Tor_60313.jpeg,,,,,4
782,782,Adlerflychtplatz_60318.jpeg,,,,,4
783,783,Kurhessenstrasse_60431.jpeg,,,,,4
784,784,Neue Mainzer Strasse_60311.jpeg,,,,,4
785,785,Schifferstrasse_60594.jpeg,,,,,4
786,786,Kaiserstrasse_60311.jpeg,,,,,4
787,787,Braumannstrasse_60435.jpeg,,,,,4
788,788,Berger Strasse_60316.jpeg,,,,,4
789,789,Bornheimer Landstrasse_60316.jpeg,,,,,4
790,790,Ben-Gurion-Ring_60437.jpeg,,,,,4
791,791,Idsteiner Strasse_60326.jpeg,,,,,4
792,792,Paul-Bode-Strasse_60433.jpeg,,,,,4
793,793,Juliusstrasse_60487.jpeg,,,,,4
794,794,Wismarer Strasse_60323.jpeg,,,,,4
795,795,Lappengasse_60386.jpeg,,,,,4
796,796,Bundenweg_60320.jpeg,,,,,4
797,797,In den Zeulaeckern_60389.jpeg,,,,,4
798,798,Niedergaertenstrasse_60435.jpeg,,,,,4
799,799,Fuchshohl_60431.jpeg,,,,,4
800,800,Bruno-Poelke-Strasse_60486.jpeg,,,,,4
801,801,Carl-Heicke-Weg_60385.jpeg,,,,,4
802,802,Kolberger Weg_65931.jpeg,,,,,4
803,803,Titusstrasse_60439.jpeg,,,,,4
804,804,Jungmannstrasse_65933.jpeg,,,,,4
805,805,An den Gerlachswiesen_60388.jpeg,,,,,4
806,806,Florastrasse_60487.jpeg,,,,,4
807,807,Hafnerstrasse_65933.jpeg,,,,,4
808,808,Hansaallee_60322.jpeg,,,,,4
809,809,Schenkendorfstrasse_60431.jpeg,,,,,4
810,810,Gervinusstrasse_60322.jpeg,,,,,4
811,811,Pferdskopfweg_65931.jpeg,,,,,4
812,812,An der Hauptwache_60313.jpeg,,,,,4
813,813,Blauhandgasse_60311.jpeg,,,,,4
814,814,Schreberweg_60489.jpeg,,,,,4
815,815,Felsenbirnenweg_65929.jpeg,,,,,4
816,816,Zur Kalbacher Hoehe_60438.jpeg,,,,,4
817,817,Oeder Weg_60322.jpeg,,,,,4
818,818,Freiherr-vom-Stein-Strasse_60323.jpeg,,,,,4
819,819,Taufsteinweg_60435.jpeg,,,,,4
820,820,Balduinstrasse_60599.jpeg,,,,,4
821,821,Alte Riedbergstrasse_60437.jpeg,,,,,4
822,822,Pfingstweidstrasse_60316.jpeg,,,,,4
823,823,Heinrich-Hopf-Strasse_65936.jpeg,,,,,4
824,824,Martin-Elsaesser-Platz_60314.jpeg,,,,,4
825,825,Markt_60311.jpeg,,,,,4
826,826,Tannenkopfweg_60529.jpeg,,,,,4
827,827,Spielmannstrasse_65934.jpeg,,,,,4
828,828,Tilsiter Strasse_60487.jpeg,,,,,4
829,829,Konstantinstrasse_60439.jpeg,,,,,4
830,830,Reifenberger Strasse_60489.jpeg,,,,,4
831,831,Nathan-Trier-Strasse_65933.jpeg,,,,,4
832,832,Merzenstrasse_60437.jpeg,,,,,4
833,833,Am Ameisenberg_60385.jpeg,,,,,4
834,834,Rudolf-Hilferding-Strasse_60439.jpeg,,,,,4
835,835,Loensweg_60529.jpeg,,,,,4
836,836,Kleine Wiesenau_60323.jpeg,,,,,4
837,837,Colmarer Strasse_60528.jpeg,,,,,4
838,838,Baumweg_60316.jpeg,,,,,4
839,839,Ringelnatzgaesschen_60431.jpeg,,,,,4
840,840,Unter den Akazien_60596.jpeg,,,,,4
841,841,Hoechster Bahnstrasse_65929.jpeg,,,,,4
842,842,Matthias-Beltz-Platz_60318.jpeg,,,,,4
843,843,Albert-Linel-Strasse_60486.jpeg,,,,,4
844,844,Kattowitzer Strasse_65933.jpeg,,,,,4
845,845,Stuetzelaeckerweg_60489.jpeg,,,,,4
846,846,Walnussweg_60433.jpeg,,,,,4
847,847,Ringelstrasse_60385.jpeg,,,,,4
848,848,Scheidstrasse_60320.jpeg,,,,,4
849,849,Am Wendelsgarten_60437.jpeg,,,,,4
850,850,An den Drei Brunnen_60431.jpeg,,,,,4
851,851,Josef-Dey-Weg_65929.jpeg,,,,,4
852,852,Mendelssohnstrasse_60325.jpeg,,,,,4
853,853,Jacob-Schiff-Strasse_60433.jpeg,,,,,4
854,854,Lotzstrasse_65934.jpeg,,,,,4
855,855,Nassauer Strasse_60439.jpeg,,,,,4
856,856,Hersfelder Strasse_60487.jpeg,,,,,4
857,857,Am Michlersbrunnen_60388.jpeg,,,,,4
858,858,Eppsteiner Strasse_60323.jpeg,,,,,4
859,859,Schweizer Strasse_60594.jpeg,,,,,4
860,860,Cheruskerweg_65929.jpeg,,,,,4
861,861,Heidetraenkstrasse_60439.jpeg,,,,,4
862,862,Jungstrasse_60486.jpeg,,,,,4
863,863,Auerswaldstrasse_60385.jpeg,,,,,4
864,864,Ostpark_60385.jpeg,,,,,4
865,865,Neumannstrasse_60433.jpeg,,,,,4
866,866,Heinrich-Hardt-Strasse_65933.jpeg,,,,,4
867,867,Frauenlobstrasse_60487.jpeg,,,,,4
868,868,Grosse Gallusstrasse_60315.jpeg,,,,,4
869,869,Ehingerstrasse_60326.jpeg,,,,,4
870,870,Schillerstrasse_60313.jpeg,,,,,4
871,871,Egelsbacher Strasse_60528.jpeg,,,,,4
872,872,Alte Bruecke_60594.jpeg,,,,,4
873,873,Odrellstrasse_60486.jpeg,,,,,4
874,874,Liliencronstrasse_60320.jpeg,,,,,4
875,875,Strubbergstrasse_60489.jpeg,,,,,4
876,876,Rossmarkt_60311.jpeg,,,,,4
877,877,Oestricher Weg_60529.jpeg,,,,,4
878,878,Truempertstrasse_60489.jpeg,,,,,4
879,879,Jean-Monnet-Strasse_60435.jpeg,,,,,4
880,880,Felix-Wankel-Strasse_60314.jpeg,,,,,4
881,881,Herrnstrasse_60599.jpeg,,,,,4
882,882,Johanna-Kirchner-Strasse_60488.jpeg,,,,,4
883,883,Friedensstrasse_60311.jpeg,,,,,4
884,884,Waldschulstrasse_65933.jpeg,,,,,4
885,885,Hollerkopfstrasse_60439.jpeg,,,,,4
886,886,Sophie-von-La-Roche-Weg_60431.jpeg,,,,,4
887,887,Esperantostrasse_60598.jpeg,,,,,4
888,888,Auf der Ulmenklaue_60389.jpeg,,,,,4
889,889,An der Gruenhohl_60437.jpeg,,,,,4
890,890,Am Salzhaus_60311.jpeg,,,,,4
891,891,Heddernheimer Landstrasse_60439.jpeg,,,,,4
892,892,Bottenhorner Weg_60489.jpeg,,,,,4
893,893,Rebstoecker Weg_60489.jpeg,,,,,4
894,894,de-Ridder-Weg_65929.jpeg,,,,,4
895,895,Toni-Sender-Strasse_65936.jpeg,,,,,4
896,896,Schneiderstrasse_65931.jpeg,,,,,4
897,897,Ostpreussenstrasse_60388.jpeg,,,,,4
898,898,Coventrystrasse_65934.jpeg,,,,,4
899,899,Bolongarostrasse_65934.jpeg,,,,,4
900,900,Am Hohen Weg_60488.jpeg,,,,,4
901,901,Ludwigshafener Strasse_65929.jpeg,,,,,4
902,902,Weisskirchener Weg_60439.jpeg,,,,,4
903,903,Langheckenweg_60433.jpeg,,,,,4
904,904,Toeplitzstrasse_60596.jpeg,,,,,4
905,905,Schwanenstrasse_60314.jpeg,,,,,4
906,906,Am Schwalbenschwanz_60431.jpeg,,,,,4
907,907,Zeppelinallee_60325.jpeg,,,,,4
908,908,Triftstrasse_60528.jpeg,,,,,4
909,909,Schulze-Delitzsch-Strasse_60386.jpeg,,,,,4
910,910,Erich-Fromm-Platz_60323.jpeg,,,,,4
911,911,Windmuehlstrasse_60329.jpeg,,,,,4
912,912,Ignatz-Bubis-Bruecke_60594.jpeg,,,,,4
913,913,Burglehen_60386.jpeg,,,,,4
914,914,Wallstrasse_60594.jpeg,,,,,4
915,915,Grusonstrasse_60314.jpeg,,,,,4
916,916,Herrenapfelstrasse_60435.jpeg,,,,,4
917,917,Frauenhofstrasse_60528.jpeg,,,,,4
918,918,Engelsruhe_65929.jpeg,,,,,4
919,919,Gustavsburgplatz_60326.jpeg,,,,,4
920,920,Langobardenweg_65929.jpeg,,,,,4
921,921,Kurt-Blaum-Strasse_65934.jpeg,,,,,4
922,922,Neuenhainer Strasse_60326.jpeg,,,,,4
923,923,Amselweg_65929.jpeg,,,,,4
924,924,Klingenberger Strasse_60599.jpeg,,,,,4
925,925,Zwischenstrasse_60594.jpeg,,,,,4
926,926,Am Hauptbahnhof_60329.jpeg,,,,,4
927,927,Ernst-Achilles-Platz_60314.jpeg,,,,,4
928,928,Breubergstrasse_60528.jpeg,,,,,4
929,929,Kappusstrasse_65936.jpeg,,,,,4
930,930,Hofheimer Strasse_65931.jpeg,,,,,4
931,931,Obermainanlage_60314.jpeg,,,,,4
932,932,Eppenhainer Strasse_60326.jpeg,,,,,4
933,933,Schoene Aussicht_60311.jpeg,,,,,4
934,934,Gebrueder-Wright-Strasse_60486.jpeg,,,,,4
935,935,Schaefergasse_60313.jpeg,,,,,4
936,936,Gruene Weide_65934.jpeg,,,,,4
937,937,Seehofstrasse_60594.jpeg,,,,,4
938,938,In den Biegen_60437.jpeg,,,,,4
939,939,Niederraeder Bruecke_60528.jpeg,,,,,4
940,940,Hinter der Burg_60388.jpeg,,,,,4
941,941,An der Tillylinde_60529.jpeg,,,,,4
942,942,Guenthersburgpark_60389.jpeg,,,,,4
943,943,Stichlingstrasse_60327.jpeg,,,,,4
944,944,An den Roethen_60389.jpeg,,,,,4
945,945,Raugasse_65929.jpeg,,,,,4
946,946,Ostbahnhofstrasse_60314.jpeg,,,,,4
947,947,Schopenhauerstrasse_60316.jpeg,,,,,4
948,948,H.-P.-Mueller-Platz_60439.jpeg,,,,,4
949,949,Kurt-Schumacher-Strasse_60313.jpeg,,,,,4
950,950,Weilbrunnstrasse_60435.jpeg,,,,,4
951,951,Friedrich-Stoltze-Platz_60311.jpeg,,,,,4
952,952,Carl-Theodor-Reiffenstein-Platz_60313.jpeg,,,,,4
953,953,Hohe Kanzel_65931.jpeg,,,,,4
954,954,Bockenheimer Anlage_60322.jpeg,,,,,4
955,955,Andreasplatz_65929.jpeg,,,,,4
956,956,Schreyerstrasse_60596.jpeg,,,,,4
957,957,Kinkelstrasse_60385.jpeg,,,,,4
958,958,Am Kreuz_65936.jpeg,,,,,4
959,959,Bachmannstrasse_60488.jpeg,,,,,4
960,960,Ginsterweg_60433.jpeg,,,,,4
961,961,Roedelheimer Parkweg_60489.jpeg,,,,,4
962,962,Schmickstrasse_60314.jpeg,,,,,4
963,963,Josef-May-Strasse_60489.jpeg,,,,,4
964,964,Roggengasse_65929.jpeg,,,,,4
965,965,Langweidenstrasse_60488.jpeg,,,,,4
966,966,Eschersheimer Landstrasse_60320.jpeg,,,,,4
967,967,An den Katharinenhoefen_60486.jpeg,,,,,4
968,968,Teutonenweg_65929.jpeg,,,,,4
969,969,Schleifergasse_65929.jpeg,,,,,4
970,970,Heiligkreuzgasse_60313.jpeg,,,,,4
971,971,Heussenstammstrasse_60433.jpeg,,,,,4
972,972,Niedwiesenstrasse_60431.jpeg,,,,,4
973,973,Marburger Strasse_60487.jpeg,,,,,4
974,974,Saalhof_60311.jpeg,,,,,4
975,975,Sonnemannstrasse_60314.jpeg,,,,,4
976,976,Reifenberger Strasse_60488.jpeg,,,,,4
977,977,Grosser Hasenpfad_60598.jpeg,,,,,4
978,978,Meininger Weg_65931.jpeg,,,,,4
979,979,Nikolaus-Brum-Strasse_65936.jpeg,,,,,4
980,980,An den Pflanzlaendern_60488.jpeg,,,,,4
981,981,Achenbachstrasse_60596.jpeg,,,,,4
982,982,Herderstrasse_60316.jpeg,,,,,4
983,983,Lessingstrasse_60325.jpeg,,,,,4
984,984,Kleiststrasse_60318.jpeg,,,,,4
985,985,Liesel-Christ-Anlage_60322.jpeg,,,,,4
986,986,Stephanstrasse_60313.jpeg,,,,,4
987,987,Jenaer Weg_65931.jpeg,,,,,4
988,988,Kolbenbergstrasse_60488.jpeg,,,,,4
989,989,Odenwaldstrasse_60528.jpeg,,,,,4
990,990,Ankunftbogen (Flughafen Ffm.)_60549.jpeg,,,,,4
991,991,Alter Schulpfad_65934.jpeg,,,,,4
992,992,Niedernhausener Strasse_60326.jpeg,,,,,4
993,993,Oberraeder Markt_60599.jpeg,,,,,4
994,994,Comeniusstrasse_60389.jpeg,,,,,4
995,995,Kalbacher Hauptstrasse_60437.jpeg,,,,,4
996,996,Klapperfeldstrasse_60313.jpeg,,,,,4
997,997,Rotfeder Ring_60327.jpeg,,,,,4
998,998,Lindenhag_65933.jpeg,,,,,4
999,999,Kirchpfad_60528.jpeg,,,,,4
1000,1000,Thomestrasse_65936.jpeg,,,,,4
1001,1001,Honsellstrasse_60314.jpeg,,,,,4
1002,1002,Deutschherrnufer_60594.jpeg,,,,,4
1003,1003,Mainfeldstrasse_60528.jpeg,,,,,4
1004,1004,Carbonestrasse_60437.jpeg,,,,,4
1005,1005,Otto-Horn-Strasse_65929.jpeg,,,,,4
1006,1006,Rotkehlchenweg_65929.jpeg,,,,,4
1007,1007,Neue Niedenau_60325.jpeg,,,,,4
