,Headline,ID,URL,Roomtitle
0,Bonn ,120080,/blaulicht/nr,Generalzolldirektion
1,Karlsruhe ,14981,/blaulicht/nr,Der Generalbundesanwalt beim Bundesgerichtshof (GBA)
2,Potsdam ,73990,/blaulicht/nr,Bundespolizeipräsidium (Potsdam)
3,Wiesbaden ,7,/blaulicht/nr,Bundeskriminalamt
4,,140934,/blaulicht/nr,Kreisfeuerwehrverband Heilbronn
5,Aalen ,110969,/blaulicht/nr,Polizeipräsidium Aalen
6,Bad Säckingen ,140463,/blaulicht/nr,Feuerwehr Bad Säckingen
7,Baden-Württemberg ,139254,/blaulicht/nr,Landesfeuerwehrverband Baden-Württemberg e.V.
8,Böblingen ,164917,/blaulicht/nr,Feuerwehr Böblingen
9,Calw ,116896,/blaulicht/nr,Kreisfeuerwehrverband Calw e.V.
10,Eigeltingen ,139087,/blaulicht/nr,Freiwillige Feuerwehr Eigeltingen
11,,153641,/blaulicht/nr,Feuerwehren des Landkreises Ravensburg
12,Freiburg ,110970,/blaulicht/nr,Polizeipräsidium Freiburg
13,Gäufelden ,139748,/blaulicht/nr,Feuerwehr Gäufelden
14,Göppingen ,110981,/blaulicht/nr,Polizeipräsidium Einsatz
15,Heilbronn ,121248,/blaulicht/nr,Hauptzollamt Heilbronn
16,Heilbronn ,110971,/blaulicht/nr,Polizeipräsidium Heilbronn
17,Karlsruhe ,116093,/blaulicht/nr,Bundespolizeiinspektion Karlsruhe
18,Karlsruhe ,121249,/blaulicht/nr,Hauptzollamt Karlsruhe
19,Karlsruhe ,130685,/blaulicht/nr,Kreisfeuerwehrverband Landkreis Karlsruhe
20,Karlsruhe ,110972,/blaulicht/nr,Polizeipräsidium Karlsruhe
21,Konstanz ,116092,/blaulicht/nr,Bundespolizeiinspektion Konstanz
22,Konstanz ,139089,/blaulicht/nr,Feuerwehr Konstanz
23,Konstanz ,110973,/blaulicht/nr,Polizeipräsidium Konstanz
24,Ludwigsburg ,110974,/blaulicht/nr,Polizeipräsidium Ludwigsburg
25,Lörrach ,121255,/blaulicht/nr,Hauptzollamt Lörrach
26,Mannheim ,14915,/blaulicht/nr,Polizeipräsidium Mannheim
27,Offenburg ,75292,/blaulicht/nr,Bundespolizeiinspektion Offenburg
28,Offenburg ,128693,/blaulicht/nr,Feuerwehr Offenburg
29,Offenburg ,110975,/blaulicht/nr,Polizeipräsidium Offenburg
30,Pforzheim ,151867,/blaulicht/nr,Feuerwehr Pforzheim
31,Pforzheim ,137462,/blaulicht/nr,Polizeipräsidium Pforzheim
32,Ravensburg ,138081,/blaulicht/nr,Polizeipräsidium Ravensburg
33,Reichenau ,163367,/blaulicht/nr,Freiwillige Feuerwehr Reichenau
34,Reutlingen ,110976,/blaulicht/nr,Polizeipräsidium Reutlingen
35,Sigmaringen ,140932,/blaulicht/nr,Kreisfeuerwehrverband Sigmaringen
36,Singen ,121262,/blaulicht/nr,Hauptzollamt Singen
37,Stockach ,134581,/blaulicht/nr,Freiwillige Feuerwehr Stockach
38,Stuttgart ,74709,/blaulicht/nr,Bundespolizeidirektion Stuttgart
39,Stuttgart ,116095,/blaulicht/nr,Bundespolizeiinspektion Flughafen Stuttgart
40,Stuttgart ,116091,/blaulicht/nr,Bundespolizeiinspektion Stuttgart
41,Stuttgart ,161590,/blaulicht/nr,Feuerwehr Stuttgart
42,Stuttgart ,121263,/blaulicht/nr,Hauptzollamt Stuttgart
43,Stuttgart ,110980,/blaulicht/nr,Landeskriminalamt Baden-Württemberg
44,Stuttgart ,110977,/blaulicht/nr,Polizeipräsidium Stuttgart
45,Stuttgart ,50366,/blaulicht/nr,Zollfahndungsamt Stuttgart
46,,57182,/blaulicht/nr,THW Landesverband Baden-Württemberg
47,Ueberlingen ,127207,/blaulicht/nr,Kreisfeuerwehrverband Bodenseekreis e. V.
48,Ulm ,121264,/blaulicht/nr,Hauptzollamt Ulm
49,Ulm ,110979,/blaulicht/nr,Polizeipräsidium Ulm
50,Villingen-Schwenningen ,110984,/blaulicht/nr,Hochschule für Polizei Baden-Württemberg
51,Walldorf ,134197,/blaulicht/nr,Freiwillige Feuerwehr Walldorf
52,Weil am Rhein ,116094,/blaulicht/nr,Bundespolizeiinspektion Weil am Rhein
53,Weil der Stadt ,140948,/blaulicht/nr,Freiwillige Feuerwehr Weil der Stadt
54,Augsburg ,121240,/blaulicht/nr,Hauptzollamt Augsburg
55,Bayern ,102101,/blaulicht/nr,THW Landesverband Bayern
56,Landshut ,121254,/blaulicht/nr,Hauptzollamt Landshut
57,München ,64017,/blaulicht/nr,Bundespolizeidirektion München
58,München ,131419,/blaulicht/nr,Feuerwehr München
59,München ,121256,/blaulicht/nr,Hauptzollamt München
60,München ,134118,/blaulicht/nr,DPolG Bayern
61,München ,116259,/blaulicht/nr,Zollfahndungsamt München
62,München G7 ,117054,/blaulicht/nr,Bundespolizeidirektion München G7-Einsatz
63,Nürnberg ,121257,/blaulicht/nr,Hauptzollamt Nürnberg
64,Nürnberg/Fürth ,6013,/blaulicht/nr,Polizeipräsidium Mittelfranken
65,Regensburg ,121258,/blaulicht/nr,Hauptzollamt Regensburg
66,Rosenheim ,121259,/blaulicht/nr,Hauptzollamt Rosenheim
67,Schweinfurt ,121261,/blaulicht/nr,Hauptzollamt Schweinfurt
68,Berlin ,72365,/blaulicht/nr,Bund Deutscher Kriminalbeamter (BDK)
69,Berlin ,70238,/blaulicht/nr,Bundespolizeidirektion Berlin
70,Berlin ,121222,/blaulicht/nr,Hauptzollamt Berlin
71,Berlin ,129178,/blaulicht/nr,"THW Landesverband Berlin, Brandenburg, Sachsen-Anhalt"
72,Berlin-Brandenburg ,116255,/blaulicht/nr,Zollfahndungsamt Berlin-Brandenburg
73,Frankfurt Oder ,121227,/blaulicht/nr,Hauptzollamt Frankfurt (Oder)
74,Potsdam ,121237,/blaulicht/nr,Hauptzollamt Potsdam
75,Bremen ,70255,/blaulicht/nr,Bundespolizeiinspektion Bremen
76,Bremen ,130368,/blaulicht/nr,Feuerwehr Bremen
77,Bremen ,121225,/blaulicht/nr,Hauptzollamt Bremen
78,Bremen ,35235,/blaulicht/nr,Polizei Bremen
79,Bremerhaven ,133092,/blaulicht/nr,Feuerwehr Bremerhaven
80,Bremerhaven ,134196,/blaulicht/nr,Polizei Bremerhaven
81,Hamburg ,70254,/blaulicht/nr,Bundespolizeiinspektion Hamburg
82,Hamburg ,82522,/blaulicht/nr,Feuerwehr Hamburg
83,Hamburg ,6337,/blaulicht/nr,Polizei Hamburg
84,Hamburg ,11539,/blaulicht/nr,Staatsanwaltschaft Hamburg
85,Hamburg ,50367,/blaulicht/nr,Zollfahndungsamt Hamburg
86,Hamburg Flughafen ,70277,/blaulicht/nr,Bundespolizeiinspektion Flughafen Hamburg
87,,121230,/blaulicht/nr,Hauptzollamt Hamburg
88,A49 ,148303,/blaulicht/nr,Polizei Presse A 49
89,Darmstadt ,121241,/blaulicht/nr,Hauptzollamt Darmstadt
90,"Darmstadt, Darmstadt-D...",4969,/blaulicht/nr,Polizeipräsidium Südhessen
91,Eschwege ,44151,/blaulicht/nr,Polizei Eschwege
92,Frankfurt ,74262,/blaulicht/nr,Bundespolizeidirektion Flughafen Frankfurt am Main
93,Frankfurt ,116052,/blaulicht/nr,Feuerwehr Frankfurt am Main
94,Frankfurt ,4970,/blaulicht/nr,Polizeipräsidium Frankfurt am Main
95,Frankfurt ,116258,/blaulicht/nr,Zollfahndungsamt Frankfurt am Main
96,Frankfurt am Main ,121246,/blaulicht/nr,Hauptzollamt Frankfurt am Main
97,Frankfurt/Main ,63987,/blaulicht/nr,Bundespolizeiinspektion Frankfurt/Main
98,Fulda ,43558,/blaulicht/nr,Polizeipräsidium Osthessen
99,Gießen ,121247,/blaulicht/nr,Hauptzollamt Gießen
100,Gießen ,43559,/blaulicht/nr,Polizeipräsidium Mittelhessen - Pressestelle Gießen
101,Hersfeld-Rotenburg ,51097,/blaulicht/nr,"Polizei Hersfeld-Rotenburg (Bad Hersfeld, Rotenburg)"
102,Hochtaunus ,50152,/blaulicht/nr,PD Hochtaunus - Polizeipräsidium Westhessen
103,Homberg ,44149,/blaulicht/nr,Polizei Homberg
104,Kassel ,63990,/blaulicht/nr,Bundespolizeiinspektion Kassel
105,Kassel ,44143,/blaulicht/nr,Polizeipräsidium Nordhessen - Kassel
106,Korbach ,44150,/blaulicht/nr,Polizei Korbach
107,Lahn-Dill ,56920,/blaulicht/nr,Polizeipräsidium Mittelhessen - Pressestelle Lahn - Dill
108,Limburg-Weilburg ,50153,/blaulicht/nr,PD Limburg-Weilburg - Polizeipräsidium Westhessen
109,Main-Taunus ,50154,/blaulicht/nr,PD Main-Taunus - Polizeipräsidium Westhessen
110,Marburg-Biedenkopf ,43648,/blaulicht/nr,Polizeipräsidium Mittelhessen - Pressestelle Marburg-Biedenkopf
111,,17277,/blaulicht/nr,Polizeipräsidium Mittelhessen - Führungs- und Lagedienst
112,Offenbach ,43561,/blaulicht/nr,Polizeipräsidium Südosthessen - Offenbach
113,Rheingau-Taunus ,47764,/blaulicht/nr,PD Rheingau-Taunus - Polizeipräsidium Westhessen
114,Rheingau-Taunus-Kreis ,164802,/blaulicht/nr,"Feuerwehr, Katastrophenschutz und Rettungsdienst Rheingau-Taunus-Kreis"
115,Vogelsberg ,51096,/blaulicht/nr,"Polizei Vogelsberg (Alsfeld, Lauterbach)"
116,Wetterau-Friedberg ,43647,/blaulicht/nr,Polizeipräsidium Mittelhessen - Pressestelle Wetterau
117,Wiesbaden ,43563,/blaulicht/nr,Hessisches Landeskriminalamt
118,Wiesbaden ,62288,/blaulicht/nr,PASt (KvD) - Polizeipräsidium Westhessen
119,Wiesbaden ,50177,/blaulicht/nr,Wiesbaden (PvD) - Polizeipräsidium Westhessen
120,Wiesbaden ,11815,/blaulicht/nr,Wiesbaden (KvD) - Polizeipräsidium Westhessen
121,Wiesbaden ,43562,/blaulicht/nr,Wiesbaden - Polizeipräsidium Westhessen
122,Wiesbaden ,43615,/blaulicht/nr,Hessisches Bereitschaftspolizeipräsidium
123,Anklam ,108768,/blaulicht/nr,Polizeiinspektion Anklam
124,Dummerstorf ,108749,/blaulicht/nr,Landeswasserschutzpolizeiamt Mecklenburg-Vorpommern
125,Güstrow ,108766,/blaulicht/nr,Polizeiinspektion Güstrow
126,Leezen ,108748,/blaulicht/nr,Landeskriminalamt Mecklenburg-Vorpommern
127,Ludwigslust ,108763,/blaulicht/nr,Polizeiinspektion Ludwigslust
128,Neubrandenburg ,108770,/blaulicht/nr,Polizeiinspektion Neubrandenburg
129,Neubrandenburg ,108747,/blaulicht/nr,Polizeipräsidium Neubrandenburg
130,Pasewalk mit Gemeinsam...,70259,/blaulicht/nr,Bundespolizeiinspektion Pasewalk mit Gemeinsamer deutsch-polnischer Dienststelle Pomellen
131,Rostock ,50067,/blaulicht/nr,Bundespolizeiinspektion Rostock
132,Rostock ,108765,/blaulicht/nr,Polizeiinspektion Rostock
133,Rostock ,108746,/blaulicht/nr,Polizeipräsidium Rostock
134,Schwerin ,108531,/blaulicht/nr,"Ministerium für Inneres, Bau und Digitalisierung Mecklenburg-Vorpommern"
135,Schwerin ,83338,/blaulicht/nr,Polizeiinspektion Schwerin
136,Stralsund ,70258,/blaulicht/nr,Bundespolizeiinspektion Stralsund
137,Stralsund ,121238,/blaulicht/nr,Hauptzollamt Stralsund
138,Stralsund ,108767,/blaulicht/nr,Polizeiinspektion Stralsund
139,Warnemünde ,70261,/blaulicht/nr,Bundespolizeiinspektion See Warnemünde
140,Wismar ,108764,/blaulicht/nr,Polizeiinspektion Wismar
141,,117693,/blaulicht/nr,Oberlandesgericht Celle
142,Aurich ,104233,/blaulicht/nr,Polizeiinspektion Aurich/Wittmund
143,Bad Bentheim ,70276,/blaulicht/nr,Bundespolizeiinspektion Bad Bentheim
144,Braunschweig ,121224,/blaulicht/nr,Hauptzollamt Braunschweig
145,Braunschweig ,71298,/blaulicht/nr,Zentrale Polizeidirektion Braunschweig
146,Braunschweig ,11554,/blaulicht/nr,Polizei Braunschweig
147,Celle ,149821,/blaulicht/nr,Freiwillige Feuerwehr Celle
148,Celle ,59457,/blaulicht/nr,Polizeiinspektion Celle
149,Cloppenburg / Vechta ,70090,/blaulicht/nr,Polizeiinspektion Cloppenburg/Vechta
150,Cuxhaven ,70260,/blaulicht/nr,Bundespolizeiinspektion See Cuxhaven
151,Cuxhaven ,68437,/blaulicht/nr,Polizeiinspektion Cuxhaven
152,Delmenhorst / Oldenbur...,68438,/blaulicht/nr,Polizeiinspektion Delmenhorst / Oldenburg - Land / Wesermarsch
153,Diepholz ,68439,/blaulicht/nr,Polizeiinspektion Diepholz
154,Flotwedel ,148638,/blaulicht/nr,Feuerwehr Flotwedel
155,Fredenbeck ,141183,/blaulicht/nr,Freiwillige Feuerwehr Samtgemeinde Fredenbeck
156,Gifhorn ,56517,/blaulicht/nr,Polizeiinspektion Gifhorn
157,Goslar ,56518,/blaulicht/nr,Polizeiinspektion Goslar
158,Göttingen ,71300,/blaulicht/nr,Zentrale Polizeidirektion Göttingen
159,Göttingen ,7452,/blaulicht/nr,Polizeidirektion Göttingen
160,Göttingen ,119508,/blaulicht/nr,Polizeiinspektion Göttingen
161,Hameln-Pyrmont/Holzmin...,57895,/blaulicht/nr,Polizeiinspektion Hameln-Pyrmont/Holzminden
162,Hannover ,70246,/blaulicht/nr,Bundespolizeidirektion Hannover
163,Hannover ,74149,/blaulicht/nr,Bundespolizeiinspektion Flughafen Hannover
164,Hannover ,70388,/blaulicht/nr,Bundespolizeiinspektion Hannover
165,Hannover ,162835,/blaulicht/nr,DPolG Niedersachsen
166,Hannover ,121231,/blaulicht/nr,Hauptzollamt Hannover
167,Hannover ,105578,/blaulicht/nr,Landeskriminalamt Niedersachsen
168,Hannover ,66841,/blaulicht/nr,Polizeidirektion Hannover
169,Hannover ,147101,/blaulicht/nr,"THW Landesverband Bremen, Niedersachsen"
170,Hannover ,67812,/blaulicht/nr,Zentrale Polizeidirektion Niedersachsen
171,Hannover ,71297,/blaulicht/nr,Zentrale Polizeidirektion Hannover
172,Hannover ,50275,/blaulicht/nr,Zollfahndungsamt Hannover
173,Harburg ,59458,/blaulicht/nr,Polizeiinspektion Harburg
174,Heidekreis ,59460,/blaulicht/nr,Polizeiinspektion Heidekreis
175,Helmstedt ,154352,/blaulicht/nr,Feuerwehr Helmstedt
176,Hildesheim ,57621,/blaulicht/nr,Polizeiinspektion Hildesheim
177,Leer ,122785,/blaulicht/nr,Feuerwehr Landkreis Leer
178,Leer/Emden ,104235,/blaulicht/nr,Polizeiinspektion Leer/Emden
179,Lehrte ,131348,/blaulicht/nr,Freiwillige Feuerwehr Lehrte
180,Lingen ,104234,/blaulicht/nr,Polizeiinspektion Emsland/Grafschaft Bentheim
181,Lüchow-Dannenberg ,160169,/blaulicht/nr,Kreisfeuerwehrverband Lüchow-Dannenberg e.V.
182,Lüneburg ,71301,/blaulicht/nr,Zentrale Polizeidirektion Lüneburg
183,Lüneburg ,56836,/blaulicht/nr,Polizeidirektion Lüneburg
184,Lüneburg ,59488,/blaulicht/nr,Polizeiinspektion Lüneburg/Lüchow-Dannenberg/Uelzen
185,Lüneburg ,59487,/blaulicht/nr,Zentrale Kriminalinspektion Lüneburg
186,Nienburg ,104523,/blaulicht/nr,Polizeiakademie Niedersachsen
187,Northeim/Osterode ,57929,/blaulicht/nr,Polizeiinspektion Northeim
188,Oldenburg ,121235,/blaulicht/nr,Hauptzollamt Oldenburg
189,Oldenburg ,71299,/blaulicht/nr,Zentrale Polizeidirektion Oldenburg
190,Oldenburg ,62353,/blaulicht/nr,Polizeidirektion Oldenburg
191,Oldenburg ,119277,/blaulicht/nr,Wasserschutzpolizeiinspektion Oldenburg
192,Oldenburg ,68443,/blaulicht/nr,Zentrale Kriminalinspektion Oldenburg
193,Oldenburg-Stadt / Amme...,68440,/blaulicht/nr,Polizeiinspektion Oldenburg-Stadt / Ammerland
194,Osnabrück ,121236,/blaulicht/nr,Hauptzollamt Osnabrück
195,Osnabrück ,104232,/blaulicht/nr,Polizeidirektion Osnabrück
196,Osnabrück ,104236,/blaulicht/nr,Polizeiinspektion Osnabrück
197,Osterholz-Scharmbeck ,154802,/blaulicht/nr,Freiwillige Feuerwehr Osterholz-Scharmbeck
198,Rotenburg ,134804,/blaulicht/nr,Kreisfeuerwehr Rotenburg (Wümme)
199,Rotenburg ,59459,/blaulicht/nr,Polizeiinspektion Rotenburg
200,Salzgitter ,56519,/blaulicht/nr,Polizei Salzgitter
201,Schiffdorf ,118388,/blaulicht/nr,Freiwillige Feuerwehr Gemeinde Schiffdorf
202,Stade ,59461,/blaulicht/nr,Polizeiinspektion Stade
203,Stadthagen ,57922,/blaulicht/nr,Polizeiinspektion Nienburg / Schaumburg
204,Verden ,68441,/blaulicht/nr,Polizeiinspektion Verden / Osterholz
205,Wilhelmshaven / Friesl...,68442,/blaulicht/nr,Polizeiinspektion Wilhelmshaven/Friesland
206,Wolfsburg ,56520,/blaulicht/nr,Polizei Wolfsburg
207,Aachen ,121239,/blaulicht/nr,Hauptzollamt Aachen
208,Aachen ,11559,/blaulicht/nr,Polizei Aachen
209,Ahlen ,119855,/blaulicht/nr,Feuerwehr Ahlen
210,Alfter ,140203,/blaulicht/nr,Freiwillige Feuerwehr der Gemeinde Alfter
211,Alpen ,131475,/blaulicht/nr,Freiwillige Feuerwehr Alpen
212,Altenbeken ,118012,/blaulicht/nr,Feuerwehr Altenbeken
213,Altenberge ,140723,/blaulicht/nr,Feuerwehr Altenberge
214,Arnsberg ,116297,/blaulicht/nr,Feuerwehr der Stadt Arnsberg
215,Attendorn ,116323,/blaulicht/nr,Feuerwehr Attendorn
216,Bad Honnef ,133680,/blaulicht/nr,Freiwillige Feuerwehr Bad Honnef
217,Bad Salzuflen ,135948,/blaulicht/nr,Freiwillige Feuerwehr Bad Salzuflen
218,Bedburg-Hau ,116244,/blaulicht/nr,Freiwillige Feuerwehr Bedburg-Hau
219,Bergisch Gladbach ,116240,/blaulicht/nr,Feuerwehr Bergisch Gladbach
220,Bielefeld ,121223,/blaulicht/nr,Hauptzollamt Bielefeld
221,Bielefeld ,12522,/blaulicht/nr,Polizei Bielefeld
222,Bocholt ,146407,/blaulicht/nr,Feuerwehr Bocholt
223,Bochum ,115868,/blaulicht/nr,Feuerwehr Bochum
224,Bochum ,11530,/blaulicht/nr,Polizei Bochum
225,Bonn ,115888,/blaulicht/nr,Feuerwehr und Rettungsdienst Bonn
226,Bonn ,7304,/blaulicht/nr,Polizei Bonn
227,Borgentreich ,126110,/blaulicht/nr,Freiwillige Feuerwehr Borgentreich
228,Borken ,24843,/blaulicht/nr,Kreispolizeibehörde Borken
229,Bottrop ,115891,/blaulicht/nr,Feuerwehr Bottrop
230,Breckerfeld ,69791,/blaulicht/nr,Freiwillige Feuerwehr Breckerfeld
231,Coesfeld ,6006,/blaulicht/nr,Polizei Coesfeld
232,Datteln ,130639,/blaulicht/nr,Feuerwehr Datteln
233,Detmold ,116239,/blaulicht/nr,Feuerwehr Detmold
234,Dinslaken ,116534,/blaulicht/nr,Feuerwehr Dinslaken
235,Dorsten ,116242,/blaulicht/nr,Feuerwehr Dorsten
236,Dortmund ,115869,/blaulicht/nr,Feuerwehr Dortmund
237,Dortmund ,121242,/blaulicht/nr,Hauptzollamt Dortmund
238,Dortmund ,4971,/blaulicht/nr,Polizei Dortmund
239,Drolshagen ,122862,/blaulicht/nr,Feuerwehr Drolshagen
240,Duisburg ,121243,/blaulicht/nr,Hauptzollamt Duisburg
241,Duisburg ,67238,/blaulicht/nr,Landesamt für Zentrale Polizeiliche Dienste NRW
242,Duisburg ,50510,/blaulicht/nr,Polizei Duisburg
243,Dülmen ,118670,/blaulicht/nr,Freiwillige Feuerwehr Dülmen
244,Düren ,134173,/blaulicht/nr,Feuerwehr Düren
245,Düren ,8,/blaulicht/nr,Polizei Düren
246,Düsseldorf ,115876,/blaulicht/nr,Feuerwehr Düsseldorf
247,Düsseldorf ,121244,/blaulicht/nr,Hauptzollamt Düsseldorf
248,Düsseldorf ,58451,/blaulicht/nr,Landeskriminalamt Nordrhein-Westfalen
249,Düsseldorf ,56636,/blaulicht/nr,Ministerium des Innern des Landes Nordrhein-Westfalen
250,Düsseldorf ,13248,/blaulicht/nr,Polizei Düsseldorf
251,Ennepe-Ruhr-Kreis ,69247,/blaulicht/nr,Kreisfeuerwehrverband Ennepe-Ruhr e.V.
252,Ennepe-Ruhr-Kreis ,12726,/blaulicht/nr,Kreispolizeibehörde Ennepe-Ruhr-Kreis
253,Ennepetal ,69780,/blaulicht/nr,Feuerwehr Ennepetal
254,Erkrath ,116243,/blaulicht/nr,Feuerwehr Erkrath
255,Essen ,56893,/blaulicht/nr,Feuerwehr Essen
256,Essen ,11562,/blaulicht/nr,Polizei Essen
257,Essen ,116257,/blaulicht/nr,Zollfahndungsamt Essen
258,Euskirchen ,115957,/blaulicht/nr,Kreisfeuerwehrverband Euskirchen e.V.
259,Euskirchen ,65841,/blaulicht/nr,Kreispolizeibehörde Euskirchen
260,Gangelt ,130424,/blaulicht/nr,Freiwillige Feuerwehr Gangelt
261,Gelsenkirchen ,116260,/blaulicht/nr,Feuerwehr Gelsenkirchen
262,Gelsenkirchen ,51056,/blaulicht/nr,Polizei Gelsenkirchen
263,Gevelsberg ,69782,/blaulicht/nr,Feuerwehr Gevelsberg
264,Gladbeck ,117806,/blaulicht/nr,Feuerwehr Gladbeck
265,Goch ,126714,/blaulicht/nr,Freiwillige Feuerwehr der Stadt Goch
266,Grevenbroich ,134498,/blaulicht/nr,Feuerwehr Grevenbroich
267,Gütersloh ,23127,/blaulicht/nr,Polizei Gütersloh
268,Haan ,116238,/blaulicht/nr,Feuerwehr Haan
269,Hagen ,30835,/blaulicht/nr,Polizei Hagen
270,Hagen ,115870,/blaulicht/nr,Stadtfeuerwehrverband Hagen
271,Hamm ,65844,/blaulicht/nr,Polizeipräsidium Hamm
272,Hamminkeln ,165122,/blaulicht/nr,Feuerwehr Hamminkeln
273,Hattingen ,69779,/blaulicht/nr,Feuerwehr Hattingen
274,Heiligenhaus ,116231,/blaulicht/nr,Feuerwehr Heiligenhaus
275,Heinsberg ,65845,/blaulicht/nr,Kreispolizeibehörde Heinsberg
276,Herdecke ,69790,/blaulicht/nr,Feuerwehr Herdecke
277,Herford ,115946,/blaulicht/nr,Feuerwehr Herford
278,Herford ,65846,/blaulicht/nr,Kreispolizeibehörde Herford
279,Hochsauerlandkreis ,65847,/blaulicht/nr,Kreispolizeibehörde Hochsauerlandkreis
280,Horn-Bad Meinberg ,153423,/blaulicht/nr,Freiwillige Feuerwehr Horn-Bad Meinberg
281,Höxter ,65848,/blaulicht/nr,Kreispolizeibehörde Höxter
282,Hückelhoven ,132422,/blaulicht/nr,Feuerwehr Hückelhoven
283,Hüllhorst ,135251,/blaulicht/nr,Feuerwehr Hüllhorst
284,Hünxe ,133631,/blaulicht/nr,Feuerwehr Hünxe
285,Hürth ,141881,/blaulicht/nr,Feuerwehr Stadt Hürth
286,Iserlohn ,116234,/blaulicht/nr,Feuerwehr Iserlohn
287,Kaarst ,116230,/blaulicht/nr,Feuerwehr Kaarst
288,Kalkar ,126309,/blaulicht/nr,Freiwillige Feuerwehr Kalkar
289,Kamen ,139081,/blaulicht/nr,Freiwillige Feuerwehr Kamen
290,Kerpen ,116241,/blaulicht/nr,Feuerwehr Kerpen
291,Kevelaer ,130384,/blaulicht/nr,Freiwillige Feuerwehr Kevelaer
292,Kirchhundem ,116945,/blaulicht/nr,Feuerwehr Kirchhundem
293,Kleve ,126799,/blaulicht/nr,Feuerwehr Kleve
294,Kleve ,65849,/blaulicht/nr,Kreispolizeibehörde Kleve
295,Koblenz ,121250,/blaulicht/nr,Hauptzollamt Koblenz
296,Kranenburg ,145404,/blaulicht/nr,Freiwillige Feuerwehr Kranenburg
297,Krefeld ,115878,/blaulicht/nr,Feuerwehr Krefeld
298,Krefeld ,121252,/blaulicht/nr,Hauptzollamt Krefeld
299,Krefeld ,50667,/blaulicht/nr,Polizeipräsidium Krefeld
300,Kreuzau ,140204,/blaulicht/nr,Freiwillige Feuerwehr Kreuzau
301,Köln ,115889,/blaulicht/nr,Feuerwehr Köln
302,Köln ,121251,/blaulicht/nr,Hauptzollamt Köln
303,Köln ,12415,/blaulicht/nr,Polizei Köln
304,Königswinter ,128175,/blaulicht/nr,Freiwillige Feuerwehr Königswinter
305,Lage ,117388,/blaulicht/nr,Freiwillige Feuerwehr Lage
306,Lennestadt ,118009,/blaulicht/nr,Feuerwehr Lennestadt
307,Leopoldshöhe ,119364,/blaulicht/nr,Freiwillige Feuerwehr Leopoldshöhe
308,Lippe ,12727,/blaulicht/nr,Polizei Lippe
309,Lohmar ,118806,/blaulicht/nr,Freiwillige Feuerwehr der Stadt Lohmar
310,Lüdenscheid ,116354,/blaulicht/nr,Feuerwehr Lüdenscheid
311,Lügde ,121193,/blaulicht/nr,Freiwillige Feuerwehr Lügde
312,Menden ,119161,/blaulicht/nr,Freiwillige Feuerwehr Menden
313,Mettmann ,119015,/blaulicht/nr,Feuerwehr Mettmann
314,Mettmann ,43777,/blaulicht/nr,Polizei Mettmann
315,Minden-Lübbecke ,43553,/blaulicht/nr,Polizei Minden-Lübbecke
316,Moers ,156944,/blaulicht/nr,Feuerwehr Moers
317,Märkischer Kreis ,65850,/blaulicht/nr,Kreispolizeibehörde Märkischer Kreis
318,Möhnesee ,131681,/blaulicht/nr,Feuerwehr Möhnesee
319,Mönchengladbach ,115879,/blaulicht/nr,Feuerwehr Mönchengladbach
320,Mönchengladbach ,30127,/blaulicht/nr,Polizei Mönchengladbach
321,Mülheim an der Ruhr ,115880,/blaulicht/nr,Feuerwehr Mülheim an der Ruhr
322,Münster ,11025,/blaulicht/nr,Deutsche Hochschule der Polizei (DHPol)
323,Münster ,121253,/blaulicht/nr,Hauptzollamt Münster
324,Münster ,11187,/blaulicht/nr,Polizei Münster
325,Neuss ,122045,/blaulicht/nr,Feuerwehr Neuss
326,Nideggen ,134198,/blaulicht/nr,Freiwillige Feuerwehr Stadt Nideggen
327,Niederzier ,125407,/blaulicht/nr,Feuerwehr Niederzier
328,Nordkirchen ,126478,/blaulicht/nr,Freiwillige Feuerwehr Nordkirchen
329,Oberbergischer Kreis ,65843,/blaulicht/nr,Kreispolizeibehörde Oberbergischer Kreis
330,Oberhausen ,115881,/blaulicht/nr,Feuerwehr Oberhausen
331,Oberhausen ,62138,/blaulicht/nr,Polizeipräsidium Oberhausen
332,Oelde ,132641,/blaulicht/nr,Feuerwehr Oelde
333,Oer-Erkenschwick ,116581,/blaulicht/nr,Freiwillige Feuerwehr Oer-Erkenschwick
334,Olfen ,140205,/blaulicht/nr,Freiwillige Feuerwehr Olfen
335,Olpe ,116237,/blaulicht/nr,Feuerwehr Olpe
336,Olpe ,65852,/blaulicht/nr,Kreispolizeibehörde Olpe
337,Overath ,127076,/blaulicht/nr,Freiwillige Feuerwehr der Stadt Overath
338,Paderborn ,55625,/blaulicht/nr,Polizei Paderborn
339,Paderborn ,115950,/blaulicht/nr,Verband der Feuerwehren im Kreis Paderborn
340,Plettenberg ,116600,/blaulicht/nr,Feuerwehr Plettenberg
341,Pulheim ,156611,/blaulicht/nr,Feuerwehr Pulheim
342,Ratingen ,70701,/blaulicht/nr,Feuerwehr Ratingen
343,Recklinghausen ,119285,/blaulicht/nr,Feuerwehr Recklinghausen
344,Recklinghausen ,42900,/blaulicht/nr,Polizeipräsidium Recklinghausen
345,Rhein-Erft-Kreis ,10374,/blaulicht/nr,Polizei Rhein-Erft-Kreis
346,Rhein-Kreis Neuss ,65851,/blaulicht/nr,Kreispolizeibehörde Rhein-Kreis Neuss
347,Rhein-Sieg-Kreis ,65853,/blaulicht/nr,Kreispolizeibehörde Rhein-Sieg-Kreis
348,Rheinisch-Bergischer K...,62459,/blaulicht/nr,Polizei Rheinisch-Bergischer Kreis
349,Rheurdt ,130323,/blaulicht/nr,Feuerwehr Gemeinde Rheurdt
350,Rösrath ,130257,/blaulicht/nr,Feuerwehr Rösrath
351,Sankt Augustin ,70116,/blaulicht/nr,Bundespolizeidirektion Sankt Augustin
352,Sankt Augustin ,127035,/blaulicht/nr,Freiwillige Feuerwehr Sankt Augustin
353,Schalksmühle ,120413,/blaulicht/nr,Freiwillige Feuerwehr Schalksmühle
354,Schermbeck ,118232,/blaulicht/nr,Feuerwehr Schermbeck
355,Schwelm ,69781,/blaulicht/nr,Feuerwehr Schwelm
356,Selfkant ,140388,/blaulicht/nr,Freiwillige Feuerwehr Selfkant
357,Selm ,29987,/blaulicht/nr,"Landesamt für Ausbildung, Fortbildung und Personalangelegenheiten der Polizei NRW"
358,Siegen-Wittgenstein ,65854,/blaulicht/nr,Kreispolizeibehörde Siegen-Wittgenstein
359,Soest ,115941,/blaulicht/nr,Feuerwehr Soest
360,Soest ,129590,/blaulicht/nr,Feuerwehren des Kreises Soest
361,Soest ,65855,/blaulicht/nr,Kreispolizeibehörde Soest
362,Sonsbeck ,140447,/blaulicht/nr,Freiwillige Feuerwehr der Gemeinde Sonsbeck
363,Sprockhövel ,69788,/blaulicht/nr,Feuerwehr Sprockhövel
364,Steinfurt ,43526,/blaulicht/nr,Polizei Steinfurt
365,Stolberg ,116325,/blaulicht/nr,Feuerwehr Stolberg
366,Tönisvorst ,128354,/blaulicht/nr,Freiwillige Feuerwehr Tönisvorst
367,Unna ,65856,/blaulicht/nr,Kreispolizeibehörde Unna
368,Velbert ,118285,/blaulicht/nr,Feuerwehr Velbert
369,Velbert ,115952,/blaulicht/nr,Kreisfeuerwehrverband Mettmann e.V.
370,Viersen ,65857,/blaulicht/nr,Kreispolizeibehörde Viersen
371,Voerde ,125427,/blaulicht/nr,Feuerwehr Voerde
372,Wachtberg ,163172,/blaulicht/nr,Freiwillige Feuerwehr Wachtberg
373,Warendorf ,52656,/blaulicht/nr,Polizei Warendorf
374,Weeze ,126307,/blaulicht/nr,Freiwillige Feuerwehr Weeze
375,Wenden ,128090,/blaulicht/nr,Feuerwehr Wenden
376,Werne ,116730,/blaulicht/nr,Freiwillige Feuerwehr Werne
377,Wesel ,65858,/blaulicht/nr,Kreispolizeibehörde Wesel
378,Wetter/Ruhr ,69783,/blaulicht/nr,Feuerwehr Wetter (Ruhr)
379,Wipperfürth ,139090,/blaulicht/nr,Freiwillige Feuerwehr Hansestadt Wipperfürth
380,Witten ,120429,/blaulicht/nr,Feuerwehr Witten
381,Wuppertal ,11811,/blaulicht/nr,Polizei Wuppertal
382,Wuppertal ,78309,/blaulicht/nr,Verband der Feuerwehren in NRW e. V.
383,Xanten ,122220,/blaulicht/nr,Feuerwehr Xanten
384,Alzey ,131673,/blaulicht/nr,Polizeiinspektion Alzey
385,Asbach ,133489,/blaulicht/nr,Feuerwehr VG Asbach
386,Bad Kreuznach ,117703,/blaulicht/nr,Polizeidirektion Bad Kreuznach
387,Bingen ,131675,/blaulicht/nr,Polizeiinspektion Bingen
388,Büchenbeuren ,117718,/blaulicht/nr,Hochschule der Polizei
389,Frankenthal ,136510,/blaulicht/nr,Freiwillige Feuerwehr Frankenthal
390,Ingelheim ,131671,/blaulicht/nr,Polizeiinspektion Ingelheim
391,Kaiserslautern ,70139,/blaulicht/nr,Bundespolizeiinspektion Kaiserslautern
392,Kaiserslautern ,117679,/blaulicht/nr,Polizeidirektion Kaiserslautern
393,Kaiserslautern ,117683,/blaulicht/nr,Polizeipräsidium Westpfalz
394,Kirchheimbolanden ,131674,/blaulicht/nr,Polizeiinspektion Kirchheimbolanden
395,Kirn ,131677,/blaulicht/nr,Polizeiinspektion Kirn
396,Koblenz ,70137,/blaulicht/nr,Bundespolizeidirektion Koblenz
397,Koblenz ,117712,/blaulicht/nr,Polizeidirektion Koblenz
398,Koblenz ,117715,/blaulicht/nr,Polizeipräsidium Koblenz
399,Koblenz ,117713,/blaulicht/nr,Verkehrsdirektion Koblenz
400,Landau ,117686,/blaulicht/nr,Polizeidirektion Landau
401,Ludwigshafen ,135123,/blaulicht/nr,Feuerwehr Ludwigshafen
402,Ludwigshafen ,117688,/blaulicht/nr,Polizeidirektion Ludwigshafen
403,Ludwigshafen ,117696,/blaulicht/nr,Polizeipräsidium Rheinpfalz
404,Mainz ,29763,/blaulicht/nr,Landeskriminalamt Rheinland-Pfalz
405,Mainz ,117705,/blaulicht/nr,Polizeidirektion Mainz
406,Mainz ,117708,/blaulicht/nr,Polizeipräsidium Mainz
407,Mayen ,117711,/blaulicht/nr,Polizeidirektion Mayen
408,Montabaur ,117710,/blaulicht/nr,Polizeidirektion Montabaur
409,Neustadt/Weinstraße ,117687,/blaulicht/nr,Polizeidirektion Neustadt/Weinstraße
410,Neuwied/Rhein ,117709,/blaulicht/nr,Polizeidirektion Neuwied/Rhein
411,Oppenheim ,131672,/blaulicht/nr,Polizeiinspektion Oppenheim
412,Pirmasens ,117677,/blaulicht/nr,Polizeidirektion Pirmasens
413,Polizeipräsidium Einsa...,117719,/blaulicht/nr,"Polizeipräsidium Einsatz, Logistik und Technik"
414,Rhein-Pfalz Kreis ,133298,/blaulicht/nr,Feuerwehr Rhein-Pfalz-Kreis
415,Trier ,70138,/blaulicht/nr,Bundespolizeiinspektion Trier
416,Trier ,117698,/blaulicht/nr,Polizeidirektion Trier
417,Trier ,117701,/blaulicht/nr,Polizeipräsidium Trier
418,Wittlich ,117697,/blaulicht/nr,Polizeidirektion Wittlich
419,Worms ,117702,/blaulicht/nr,Polizeidirektion Worms
420,Wörrstadt ,117706,/blaulicht/nr,Verkehrsdirektion Mainz
421,Homburg ,138521,/blaulicht/nr,Polizeiinspektion Homburg
422,Lebach ,138502,/blaulicht/nr,Polizeiinspektion Lebach
423,Merzig ,138504,/blaulicht/nr,Polizeiinspektion Merzig
424,Neunkirchen ,138511,/blaulicht/nr,Polizeiinspektion Neunkirchen
425,Nordsaarland ,138505,/blaulicht/nr,Polizeiinspektion Nordsaarland
426,Saarbrücken ,70140,/blaulicht/nr,Bundespolizeiinspektion Saarbrücken
427,Saarbrücken ,121260,/blaulicht/nr,Hauptzollamt Saarbrücken
428,Saarbrücken-Burbach ,138341,/blaulicht/nr,Polizeiinspektion Saarbrücken-Burbach
429,Saarbrücken-Stadt ,138303,/blaulicht/nr,Polizeiinspektion Saarbrücken-Stadt
430,Saarland ,120462,/blaulicht/nr,Landespolizeipräsidium Saarland
431,Saarlouis ,138489,/blaulicht/nr,Polizeiinspektion Saarlouis
432,St. Ingbert ,138534,/blaulicht/nr,Polizeiinspektion Sankt Ingbert
433,St. Wendel ,138507,/blaulicht/nr,Polizeiinspektion Sankt Wendel
434,Sulzbach ,138473,/blaulicht/nr,Polizeiinspektion Sulzbach
435,Völklingen ,138422,/blaulicht/nr,Polizeiinspektion Völklingen
436,Berggießhübel ,74163,/blaulicht/nr,Bundespolizeiinspektion Berggießhübel
437,Chemnitz ,74164,/blaulicht/nr,Bundespolizeiinspektion Chemnitz
438,Dresden ,74162,/blaulicht/nr,Bundespolizeiinspektion Dresden
439,Dresden ,154636,/blaulicht/nr,Feuerwehr Dresden
440,Dresden ,121226,/blaulicht/nr,Hauptzollamt Dresden
441,Dresden ,116256,/blaulicht/nr,Zollfahndungsamt Dresden
442,Ebersbach ,74161,/blaulicht/nr,Bundespolizeiinspektion Ebersbach
443,Klingenthal ,74166,/blaulicht/nr,Bundespolizeiinspektion Klingenthal
444,,153421,/blaulicht/nr,Landesfeuerwehrverband Sachsen e.V.
445,Leipzig ,74165,/blaulicht/nr,Bundespolizeiinspektion Leipzig
446,Ludwigsdorf ,74160,/blaulicht/nr,Bundespolizeiinspektion Ludwigsdorf
447,Pirna ,74159,/blaulicht/nr,Bundespolizeidirektion Pirna
448,Halle ,144602,/blaulicht/nr,Bundespolizeiinspektion Kriminalitätsbekämpfung Halle
449,Magdeburg ,74168,/blaulicht/nr,Bundespolizeiinspektion Magdeburg
450,Magdeburg ,121234,/blaulicht/nr,Hauptzollamt Magdeburg
451,,43800,/blaulicht/nr,Wasserschutzpolizei Schleswig-Holstein
452,,68035,/blaulicht/nr,Kreisfeuerwehrverband Schleswig-Flensburg
453,Bad Bramstedt ,70256,/blaulicht/nr,Bundespolizeidirektion Bad Bramstedt
454,Bad Oldesloe ,68032,/blaulicht/nr,Kreisfeuerwehrverband Stormarn
455,Bad Segeberg ,157624,/blaulicht/nr,Freiwillige Feuerwehr Bad Segeberg
456,Bad Segeberg ,68034,/blaulicht/nr,Kreisfeuerwehrverband Segeberg
457,Bad Segeberg ,19027,/blaulicht/nr,Polizeidirektion Bad Segeberg
458,Eutin ,56143,/blaulicht/nr,Kreisfeuerwehrverband Ostholstein
459,Eutin ,43685,/blaulicht/nr,Polizeidirektion für Aus- und Fortbildung und für die Bereitschaftspolizei Schleswig-Holstein
460,,150783,/blaulicht/nr,Feuerwehren der Stadt Eutin
461,Flensburg ,50066,/blaulicht/nr,Bundespolizeiinspektion Flensburg
462,Flensburg ,6313,/blaulicht/nr,Polizeidirektion Flensburg
463,Harrislee ,75839,/blaulicht/nr,Leitstellen-Zweckverband Nord
464,Harrislee ,77491,/blaulicht/nr,Regionalleitstelle Nord
465,Heide ,68036,/blaulicht/nr,Kreisfeuerwehrverband Dithmarschen
466,Heide ,110840,/blaulicht/nr,Rettungsdienst-Kooperation in Schleswig-Holstein gGmbH
467,Husum ,56027,/blaulicht/nr,Kreisfeuerwehrverband Nordfriesland (K.d.ö.R.)
468,Itzehoe ,29305,/blaulicht/nr,Bezirkskriminalinspektion Itzehoe
469,Itzehoe ,121232,/blaulicht/nr,Hauptzollamt Itzehoe
470,Itzehoe ,13907,/blaulicht/nr,Kreisfeuerwehrverband Steinburg
471,Itzehoe ,52209,/blaulicht/nr,Polizeidirektion Itzehoe
472,Kiel ,70257,/blaulicht/nr,Bundespolizeiinspektion Kiel
473,Kiel ,82765,/blaulicht/nr,Feuerwehr Kiel
474,Kiel ,121233,/blaulicht/nr,Hauptzollamt Kiel
475,Kiel ,12,/blaulicht/nr,Landesfeuerwehrverband Schleswig-Holstein
476,Kiel ,2256,/blaulicht/nr,Landeskriminalamt Schleswig-Holstein
477,Kiel ,58623,/blaulicht/nr,Landespolizeiamt
478,Kiel ,14626,/blaulicht/nr,Polizeidirektion Kiel
479,Kiel ,118210,/blaulicht/nr,"THW Landesverband Hamburg, Mecklenburg-Vorpommern, Schleswig-Holstein"
480,Lübeck ,52865,/blaulicht/nr,Feuerwehr Lübeck
481,Lübeck ,43738,/blaulicht/nr,Polizeidirektion Lübeck
482,Neumünster ,47769,/blaulicht/nr,Polizeidirektion Neumünster
483,Neustadt / Holstein ,70262,/blaulicht/nr,Bundespolizeiinspektion See Neustadt / Holstein
484,Norderstedt ,127885,/blaulicht/nr,Feuerwehr Norderstedt
485,Pinneberg ,22179,/blaulicht/nr,Kreisfeuerwehrverband Pinneberg
486,Plön ,117025,/blaulicht/nr,Kreisfeuerwehrverband Plön
487,Ratzeburg ,68033,/blaulicht/nr,Kreisfeuerwehrverband Hzgt. Lauenburg
488,Ratzeburg ,43735,/blaulicht/nr,Polizeidirektion Ratzeburg
489,Rendsburg ,40401,/blaulicht/nr,Kreisfeuerwehrverband Rendsburg-Eckernförde
490,Erfurt ,74167,/blaulicht/nr,Bundespolizeiinspektion Erfurt
491,Erfurt ,121245,/blaulicht/nr,Hauptzollamt Erfurt
492,Erfurt ,125951,/blaulicht/nr,Landespolizeidirektion Thüringen
493,Erfurt ,126719,/blaulicht/nr,Landespolizeiinspektion Erfurt
494,Gera ,126720,/blaulicht/nr,Landespolizeiinspektion Gera
495,Gotha ,126721,/blaulicht/nr,Landespolizeiinspektion Gotha
496,Jena ,126722,/blaulicht/nr,Landespolizeiinspektion Jena
497,Nordhausen ,126723,/blaulicht/nr,Landespolizeiinspektion Nordhausen
498,Saalfeld ,126724,/blaulicht/nr,Landespolizeiinspektion Saalfeld
499,Schleifreisen ,126726,/blaulicht/nr,Autobahnpolizeiinspektion
500,Suhl ,126725,/blaulicht/nr,Landespolizeiinspektion Suhl
