,Preasidium,ID_preasidium,Headline,ID,URL,Date,Article,Keywords_location,Keywords_topic
0,Reutlingen,110976,"POL-RT: Mit Pfefferspray gesprüht, mehrere Verkehrsunfälle teilweise mit Schwerverletzten, mehrere Brände, Exhibitionist",5357358,https://www.presseportal.de/blaulicht/pm,30.10.2022 – 12:26,"
 
 30.10.2022 – 12:26 
 
 Polizeipräsidium Reutlingen 
 
 POL-RT: Mit Pfefferspray gesprüht, mehrere Verkehrsunfälle teilweise mit Schwerverletzten, mehrere Brände, Exhibitionist 
 
 
 
 
 
 
 
 
 
 
 
 
 
 
 
 
 
 
 
 
 
 
 
 Reutlingen  (ots)   Mit Pfefferspray gesprüht Ein Unbekannter hat am Samstagabend auf dem Marktplatz und im Bereich der Wilhelmstraße mutmaßlich Pfefferspray versprüht, wodurch etliche Personen vorübergehend Augen- und Atemwegsreizungen erlitten. Der als Jugendlicher beschriebene Tatverdächtige sprühte gegen 19.30 Uhr zunächst offenbar grund- und ziellos beim Vorbeilaufen an einem Café nahe der dort im Freien sitzenden Gäste mit einem Reizstoffsprühgerät um sich. Danach entfernt er sich in Richtung Wilhelmstraße, wo er nochmals Reizstoff versprühte, bevor er flüchtete. Die Polizei registrierte über 20 Personen, die über entsprechende Beschwerden klagten. Neben den Gästen des Cafés auf dem Marktplatz waren auch Teilnehmer einer gegen die einrichtungsbezogene Corona-Impfpflicht im Gesundheitswesen gerichteten Versammlung betroffen, die sich gerade in der Wilhelmstraße in einem Aufzug in Richtung Marktplatz bewegten. Der Rettungsdienst war vor Ort, eine Einlieferung von Personen in ein Krankhaus war nicht erforderlich. Das Polizeirevier Reutlingen hat die Ermittlungen gegen den Unbekannten wegen des Verdachts der gefährlichen Körperverletzung aufgenommen. Hinweise, dass die Tat gegen die ansonsten störungsfrei verlaufende Versammlung gerichtet gewesen sein könnte, liegen nicht vor. (ak) Eningen unter Achalm (RT): 17-Jährige bei Unfall schwer verletzt Schwerste Verletzungen sind die Folge eines Unfalls am Sonntagmorgen, gegen 02.30 Uhr. Eine 17-jährige Pedelecfahrerin war auf der Straße Obtal vom Freibad herkommend in Richtung Eningen unterwegs. Die Jugendliche kam nach derzeitigem Ermittlungsstand alleinbeteiligt zu Fall. Zum Glück konnte sie bereits wenige Minuten nach dem Vorfall von Bekannten aufgefunden werden. Diese verständigten den Rettungsdienst. Die Verunfallte musste nach notärztlicher Erstversorgung mit lebensgefährlichen Verletzungen in eine Klinik verbracht werden. Im Rahmen der Unfallaufnahme ergaben sich Hinweise, dass die Verunfallte deutlich unter Alkoholeinwirkung war. Am Fahrrad entstand minimaler Sachschaden. Die Verkehrspolizei Tübingen hat die weiteren Ermittlungen übernommen. Metzingen (RT): Brand in Schnellimbiss Aufgrund unklarer Ursache kam es am Samstagmittag, gegen 13.40 Uhr zu einem Brand im Bereich der Abluftanlage in einem Schnellimbiss in der Stuttgarter Straße. Gleich mehreren Personen fiel die hohe Rauchsäule auf, worauf diese den Notruf betätigten. Beim Eintreffen der Rettungskräfte konnte der Brand schnell gelöscht werden. Ein Schornsteinfeger wurde zur Klärung der Brandursache hinzugezogen. Bei dem Brand wurde niemand verletzt. Am Gebäude, sowie an den im Imbiss gelagerten Lebensmitteln entstand ein Sachschaden in Höhe von mehreren Zehntausend Euro. Die Stuttgarter Straße musste während der Löscharbeiten in beiden Richtungen voll gesperrt werden. Zu nennenswerten Verkehrsbeeinträchtigungen kam es nicht. Die Feuerwehr war mit fünf Fahrzeugen und 24 Einsatzkräften vor Ort. Der Rettungsdienst war mit drei Fahrzeugen vor Ort und untersuchte die im Restaurant befindlichen Personen vorsorglich. Münsingen (RT): In der Öffentlichkeit entblößt - Zeugenaufruf Einem 30-jährigen Zeugen fiel am Samstagmittag, gegen 13.00 Uhr ein circa 50-jähriger Mann in der Hauptstraße in Münsingen-Auingen auf, wie dieser mit heruntergelassener Hose auf einer Bank saß und onanierte. Eine Person, auf welche die Beschreibung des Zeugen zutraf, konnte durch Polizeibeamte angetroffen und kontrolliert werden. Das Polizeirevier Münsingen hat die Ermittlungen aufgenommen und bittet Zeugen oder etwaige Geschädigte sich unter der Telefonnummer 07381/9364-0 zu melden. Baltmannsweiler (ES): Radfahrer nach Verkehrsunfall verletzt Leichte Verletzungen hat ein Radfahrer am Samstagnachmittag bei einem Verkehrsunfall auf der Landesstraße 1150 zwischen Baltmannsweiler und Hohengehren erlitten. Der 70-jährige Radfahrer befuhr gegen 14.50 Uhr mit seinem Pedelec den Kreisverkehr vom Recyclinghof Baltmannsweiler kommend in Richtung Hohengehren. Auf Höhe der Ausfahrt Hauptstraße bemerkte die hinter dem Radfahrer fahrende 37-jährige Pkw-Lenkerin zu spät, dass dieser den Kreisverkehr verlassen möchte. Zu diesem Zeitpunkt befand sich die Toyota-Fahrerin mit ihrem Pkw bereits neben dem Radlenker. Durch die Kollision erlitt der Radfahrer leichte Verletzungen. Eine sofortige rettungsdienstliche Versorgung war nicht erforderlich. Der Sachschaden beläuft sich auf circa 1000 Euro. Lenningen (ES): Motorradfahrer verunfallt Ein Verletzter und Sachschaden in Höhe von circa 8000 Euro sind die Folgen eines Verkehrsunfalls, der sich am Samstagnachmittag auf der Bundesstraße 465 zwischen Unterlenningen und Gutenberg ereignet hat. Ein 43-jähriger Zweiradlenker war gegen 17.10 Uhr mit seinem Motorrad von Unterlenningen in Richtung Gutenberg unterwegs. Auf Höhe Ortseingang Oberlenningen verlor der Motorradfahrer aus bislang ungeklärter Ursache die Kontrolle über sein Fahrzeug und kollidierte seitlich mit dem ordnungsgemäß entgegenkommenden Pkw eines 26-Jährigen. Durch die Kollision wurde der Fahrer von seiner KTM getrennt und schlitterte mehrere Meter über die Fahrbahn, bevor er auf dem Bürgersteig in Endlage kam. Der Kradfahrer erlitt leichte Verletzungen und wurde vom Rettungsdienst zur weiteren Behandlung in ein Klinikum eingeliefert. Der Audi-Fahrer blieb unverletzt. Das Polizeirevier Kirchheim unter Teck hat die weiteren Ermittlungen aufgenommen. Kusterdingen-Jettenburg (TÜ): Rauchgasvergiftung nach Verpuffung Aus bislang unbekannten Gründen ist es am späteren Samstagnachmittag in Kusterdingen-Jettenburg zu einer Verpuffung in einem Kamin gekommen. Gegen 16.45 Uhr befand sich der 83-jährige Bewohner alleine in seinem Wohnhaus in der Mähringer Straße. Dieser konnte das Gebäude bereits vor dem Eintreffen der Rettungskräfte eigenständig verlassen, dennoch erlitt der Senior eine Rauchgasintoxikation und wurde vorsorglich vom Rettungsdienst in eine Klinik verbracht. Durch die Verpuffung kam es zu einer starken Rauchentwicklung innerhalb des Gebäudes, ein Sachschaden ist jedoch nicht entstanden. Die Feuerwehr war mit vier Fahrzeugen und 32 Einsatzkräften vor Ort, der Rettungsdienst befand sich mit neun Fahrzeugen und 20 Einsatzkräften an der Einsatzörtlichkeit. Ebenfalls kam der Ortsvorsteher von Jettenburg zur Einsatzörtlichkeit. Ein Schornsteinfeger wurde von der Feuerwehr mit der Überprüfung des Kamins beauftragt. Die Mähringer Straße musste für die Dauer des Einsatzes für den Verkehr gesperrt werden. Tübingen (TÜ): Ein Verletzter nach Auseinandersetzung in Wohnheim Hautreizungen und Schmerzen sind die Folgen einer Auseinandersetzung zwischen zwei Bewohnern einer städtischen Unterkunft in der Eberhardstraße. Am Samstagabend suchte ein 43 Jahre alter Mann mit einem noch unbekannten, männlichen Begleiter gegen 18.15 Uhr die Wohnung eines 23-Jährigen auf. Hierbei kam es zunächst zu einer verbalen Auseinandersetzung. Im weiteren Verlauf sprühte der bislang unbekannte Täter dem 23-Jährigen eine unbekannte Substanz, vermutlich Pfefferspray, ins Gesicht. Der alarmierte Rettungsdienst übernahm daraufhin die medizinische Versorgung des jungen Mannes. Das Polizeirevier Tübingen hat die Ermittlungen aufgenommen. Ammerbuch-Altingen (TÜ): Rauchentwicklung durch technischen Defekt Vermutlich aufgrund eines technischen Defekts ist es am frühen Sonntagmorgen in Ammerbuch-Altingen zu einer Rauchentwicklung gekommen. Kurz nach Mitternacht wurde die Rettungsleitstelle über den Sachverhalt in Kenntnis gesetzt. Bei einer Überprüfung des Wohngebäudes in der Brombergstraße konnte von der Feuerwehr, welche mit sechs Fahrzeugen und 45 Einsatzkräften vor Ort war, festgestellt werden, dass es aus einem Schacht an einem im Außenbereich befindlichen Heizöltank herausrauchte. Durch die Rauchentwicklung wurden keine Personen verletzt, es entstand auch kein nennenswerter Sachschaden. Der Rettungsdienst war vorsorglich mit sechs Fahrzeugen und zwölf Einsatzkräften vor Ort. Dotternhausen (ZAK): Schwer verletzt nach Sturz mit Kleinkraftrad Mit schweren Verletzungen ist ein 44 Jahre alter Zweiradlenker nach einem Sturz in eine Klinik verbracht worden. Der Fahrer des Kleinkraftrades befuhr am Freitagabend gegen 19.00 Uhr die Hauptstraße in Dotternhausen in Fahrtrichtung Ortsmitte. An der Einmündung zur Chalampstraße überbremste der Zweiradlenker seinen Roller und stürzte zu Boden. Hierbei verletzte sich der 44-Jährige schwer. An dem Kraftrad entstand ein Sachschaden in Höhe von etwa 1.000 Euro. Rückfragen bitte an: Polizeipräsidium Reutlingen Martin Schatzinger Telefon:  Mo. - Fr./7:00 bis 17:00 Uhr: 07121/942-1111           außerhalb dieser Zeiten: 07121/942-2224 E-Mail:    reutlingen.pp.pressestelle@polizei.bwl.de http://www.polizei-bw.de 
 Original-Content von: Polizeipräsidium Reutlingen, übermittelt durch news aktuell 
 
 
","Lenningen,Baltmannsweiler,Eningen unter Achalm,Kirchheim unter Teck,Metzingen,Reutlingen,Baden-Württemberg","Pfefferspray,Rettungsdienst,Verkehrsunfallaufnahme,Achalm,Motorrad,Erste Hilfe,Feuerwehr,Brand,Einsatzleitstelle,Brandbekämpfung,Kreisverkehr,Gehweg,Notruf,Kleinkraftrad,Verkehrsunfälle,Schornsteinfeger,Exhibitionismus,Euro,E-Bike,Medizin,Wilhelmstraße,Personenkraftwagen,Café,Transportunglück,Verkehrsunglück,Transportnotfall,Verkehrsnotfall,Transport,Unglück,Medizin, Gesundheit,Medikament,Polizei,Polizei Baden-Württemberg"
1,Reutlingen,110976,POL-RT: Polizeibeamte angegriffen; Verkehrsunfälle mit Verletzten; Rauchentwicklung; Von Hund gebissen; Auseinandersetzung; Motorrad entwendet; Einbruch; Arbeitsunfall,5356996,https://www.presseportal.de/blaulicht/pm,29.10.2022 – 12:18,"
 
 29.10.2022 – 12:18 
 
 Polizeipräsidium Reutlingen 
 
 POL-RT: Polizeibeamte angegriffen; Verkehrsunfälle mit Verletzten; Rauchentwicklung; Von Hund gebissen; Auseinandersetzung; Motorrad entwendet; Einbruch; Arbeitsunfall 
 
 
 
 
 
 
 
 
 
 
 
 
 
 
 
 
 
 
 
 
 
 
 
 Reutlingen  (ots)   Schulgebäude beschädigt Am Freitag, in der Zeit von 14.00 Uhr bis 19.45 Uhr, sind an einer Schule in der Carl-Diem-Straße zwei Fenster beschädigt worden. Durch bislang unbekannten Täter wurde jeweils eine Scheibe der Doppelverglasung mit einem unbekannten Gegenstand eingeschlagen. Es entstand ein Schaden von mehreren hundert Euro. Der Polizeiposten Reutlingen-Nord hat die Ermittlungen aufgenommen. Römerstein (RT): Von Hund gebissen Am Freitagnachmittag ist es gegen 17.30 Uhr auf einem Campingplatz zu einem Vorfall mit einem Hund gekommen. Beim Gassi gehen riss sich der Schäferhund von seiner 65 Jahre alten Besitzerin plötzlich los und rannte auf eine 62-jährige Fahrradfahrerin zu. Diese biss er unvermittelt in den Oberschenkel, wodurch sie leichte Verletzungen erlitt, welche sie anschließend ärztlich behandeln ließ. Pfullingen (RT): Rauchentwicklung in Wohngebäude Am Freitagnachmittag ist es in der Marktstraße zu einem Einsatz von Feuerwehr und Polizei gekommen. Gegen 14.45 Uhr ging bei der Rettungsleitstelle zunächst die Meldung über eine unklare Rauchentwicklung und einen ausgelösten Rauchwarnmelder in einem Wohnhaus ein. Die Einsatzkräfte der Feuerwehr konnten in dem Haus Rauch und Brandgeruch wahrnehmen, Hinweise auf einen Brand ergaben sich jedoch nicht. Vorsorglich mussten alle Bewohner das verrauchte Gebäude verlassen. Als Ursache für die Rauchentwicklung vermutet die Feuerwehr, die mit acht Fahrzeugen und 35 Einsatzkräften vor Ort war, einen defekten Holzofen. Aufgrund des Großaufgebots der Rettungskräfte wurde die Marktstraße bis 16.15 Uhr für den Verkehr gesperrt, wodurch es zu Verkehrsbehinderungen kam. Pfullingen (RT): Von der Fahrbahn abgekommen In der Nacht zum Samstag ist es gegen 00.20 Uhr im Bereich der Stuhlsteige zu einem Verkehrsunfall gekommen. Vermutlich aufgrund überhöhter Geschwindigkeit kam der 47-jährige Lenker eines VW auf der L 380 von der Fahrbahn ab und überfuhr dabei einen Leitpfosten. Daraufhin geriet der Pkw wieder auf die Fahrbahn und kollidierte dort mit einer Leitplanke. Der Fahrer konnte sich noch selbst aus dem Fahrzeug befreien und wurde anschließend vom Rettungsdienst behandelt. Er wurde schwer verletzt und zur weiteren Behandlung in eine Klinik gebracht. Der entstandene Sachschaden beträgt circa 9.000 Euro. Mehrstetten (RT): Polizeibeamte angegriffen und beleidigt Mehreren Strafanzeigen sieht ein 33-jähriger Mann entgegen, der am frühen Samstagmorgen bei einer Veranstaltung in der Mehrzweckhalle Polizeibeamte angegriffen und beleidigt hat. Gegen 02.30 Uhr wandte sich der dortige Sicherheitsdienst an eine zufällig vor Ort befindliche Streifenwagenbesatzung und teilte mit, dass sie durch den 33 Jahre alten Mann angegriffen wurden, nachdem er aufgefordert worden war die Veranstaltung zu verlassen. Der aufgebrachte Aggressor konnte auch im Beisein der Polizei nicht beruhigt werden und setzte sich gegen die Beamten mit Beleidigungen und Tritten erheblich zur Wehr, weshalb er in Gewahrsam genommen wurde. Währenddessen solidarisierten sich mehrere unbeteiligte und augenscheinlich ebenfalls stark alkoholisierte Gäste mit dem Störer, aufgrund dessen weitere Streifenbesatzungen erforderlich waren, um eine drohende Eskalation zu verhindern. Auch bei der anschließenden Verbringung an seine Wohnanschrift trat er im Streifenwagen nach den Beamten und beleidigte sie. Erst im Beisein von Familienangehörigen beruhigte er sich und konnte schließlich in deren Obhut übergeben werden. Bei den tätlichen Angriffen auf die eingesetzten Polizeibeamten wurde niemand verletzt. Ostfildern (ES): Schwer verletzter Fahrradfahrer Am Freitagmittag ist es in Scharnhausen an der Einmündung Gartenstraße/Raiffeisenstraße zu einem folgenschweren Verkehrsunfall gekommen.
Gegen 13.05 Uhr befuhr ein 62-jähriger Radfahrer die abschüssige Gartenstraße in Richtung Ortsmitte. Eine 43-jährige Fahrerin eines BMW befuhr zur selben Zeit die Raiffeisenstraße und bog von dieser nach links auf die Gartenstraße ab. Hierbei missachtete die BMW-Fahrerin die Vorfahrt des Radfahrers, weshalb es im Einmündungsbereich zum Zusammenstoß zwischen den beiden Fahrzeugen kam. Der Radfahrer stürzte hierdurch und verletzte sich schwer, weshalb er vom Rettungsdienst zur weiteren Behandlung in ein Krankenhaus gebracht wurde. An dem BMW entstand ein geringer Sachschaden von circa 250 Euro. Denkendorf (ES): Verkehrsunfall-Flucht (Zeugenaufruf) Am Freitagabend ist es in Denkendorf im Bereich des Kreisverkehrs in der Gottlieb-Daimler-Straße zu einem Unfall unter Beteiligung eines Leichtkraftrades gekommen.
Der 17-jährige Lenker eines Krades befuhr bereits den Kreisverkehr als ein aus Richtung Deizisau kommender weißer Pkw in den Kreisverkehr einfuhr und dem Krad-Lenker die Vorfahrt nahm. In der Folge musste der Krad-Lenker stark abbremsen und kam zu Fall. Dabei zog er sich leichte Verletzungen zu und wurde anschließend durch den Rettungsdienst in ein Krankenhaus gebracht. Der unbekannte weiße Pkw setzte seine Fahrt in Richtung Ortsmitte Denkendorf fort. Der Schaden am Leichtkraftrad beträgt circa 350 Euro. Das Polizeirevier Filderstadt hat die Unfallermittlungen übernommen und sucht unter Telefon 0711/7091-3 Zeugen, welche sachdienliche Hinweise zum Unfallverursacher machen können. Kirchheim unter Teck (ES): Kind mit Fahrrad gestürzt Glücklicherweise nur leichte Verletzungen hat sich ein Kind bei einem Sturz am Freitagnachmittag in einem Bikepark bei Kirchheim zugezogen. Der 9-Jährige befuhr gegen 16.00 Uhr mit seinem Fahrrad die dortige Strecke und kam am Beginn einer Steigung vermutlich aufgrund zu geringer Geschwindigkeit zu Sturz. Da zunächst davon ausgegangen wurde, dass er sich schwere Verletzungen zugezogen hatte, kam ein Rettungshubschrauber vor Ort. Nach einer medizinischen Versorgung vor Ort, konnte er jedoch mit leichten Verletzungen durch einen Rettungswagen in ein Krankenhaus gebracht werden. Tübingen (TÜ): Schlägerei unter mehreren Jugendlichen Zu einer handfesten Auseinandersetzung ist es am Freitagabend gegen 22.20 Uhr in der Tübinger Uhlandstraße gekommen. Im Verlauf der Schlägerei wurde ein 16-Jähriger von einer bislang unbekannten Person geschlagen. Als dies der 17-jährige Bruder bemerkte, eilte er zu Hilfe. Beim Eintreffen der Polizei ging eine Personengruppe mit dem bislang unbekannten Schläger in Richtung Innenstadt zu Fuß flüchtig. Bei der Kontrolle und Durchsuchung der Brüder konnte bei einem der beiden ein Einhandmesser aufgefunden werden. Weiterhin widersetzte sich der 17-Jährige den Aufforderungen der Polizei und leistete Widerstand. Hierbei wurde ein Polizeibeamter leicht an der Hand verletzt. Nach Abschluss der erforderlichen Maßnahmen wurden die beiden Brüder an den Vater überstellt. Der 17-Jährige sieht nun entsprechenden Anzeigen entgegen. Rottenburg am Neckar (TÜ): Motorrad gestohlen In der Nacht von Freitag auf Samstag ist in der Straße Rotes Meer ein Motorrad der Marke Aprilia SR 125, das mit einer Plane abgedeckt war, entwendet worden. An dem Motorrad waren die amtlichen Kennzeichen TÜ-GI 8 angebracht. Weiterhin befand sich ein schwarzer Motorradhelm im Helmfach, der ebenfalls entwendet wurde. Der Wert der Maschine beträgt circa 2.500 Euro. Hinweise auf den oder die Täter liegen bislang nicht vor. Schömberg (ZAK): Auffahrunfall mit neun Verletzten Zu einem schweren Verkehrsunfall mit drei beteiligten Fahrzeugen und insgesamt neun Verletzten ist es am frühen Samstagmorgen auf der Bundesstraße 27 bei Schömberg gekommen. Gegen 02.40 Uhr befuhr eine 18 Jahre alte Frau zusammen mit vier weiteren Insassen im Alter zwischen 16 und 19 Jahren mit einem Daimler-Benz CLK die B 27 zwischen Schömberg und Dotternhausen, als eine Rotte Wildschweine die Fahrbahn querte und die Fahrerin nur durch eine Vollbremsung eine Kollision mit den Tieren verhinderte.  Die 18-jährige Fahrerin eines Audi A1 und ihr 17-jähriger Mitfahrer erkannten die Situation und kamen noch rechtzeitig zum Stillstand. Der 19 Jahre alte Fahrer eines hinter dem Audi fahrenden Nissan Note konnte jedoch nicht mehr rechtzeitig anhalten und krachte ins Heck des Audi, welcher durch die Wucht des Aufpralls noch auf den davorstehenden Daimler-Benz geschoben wurde. Hierbei zogen sich der Unfallverursacher und ein 19-jähriger Mitfahrer im Daimler-Benz schwere Verletzungen zu und wurden vom Rettungsdienst, welcher mit einem Großaufgebot vor Ort im Einsatz war, in Krankenhäuser gebracht. Ein leicht verletzter Mitfahrer im Nissan sowie die sechs weiteren leichtverletzten Beteiligten aus den anderen Fahrzeugen wurden durch Rettungswagen in umliegende Kliniken transportiert. An den drei nicht mehr fahrbereiten Fahrzeugen entstand ein Gesamtschaden in Höhe von circa 20.000 Euro. Zur Behandlung der Verletzten, Unfallaufnahme und Bergung der Fahrzeuge, war die B 27 in beiden Fahrtrichtungen bis gegen 04.45 Uhr voll gesperrt. Es kam zu geringen Verkehrsbeeinträchtigungen. Lautlingen (ZAK): Einbruch in Geschäft Ein bislang unbekannter Täter ist Freitagnacht in ein Geschäft in der Ebingertalstraße eingebrochen. Gegen 23.45 Uhr konnte der Einbrecher beim Verlassen des Geschäfts von einer Zeugin beobachtet werden, wie er zu Fuß in Richtung Lautlingen flüchtete. Eine sofort eingeleitete Fahndung unter Beteiligung mehrerer Streifen verlief ergebnislos. Der Täter wurde wie folgt beschrieben: männlich, 165-170 cm groß, schwarz gekleidet, athletische Statur, silberne Reflektorstreifen im Bereich der Jacke oder eines mitgeführten Rucksacks. Zum Diebesgut konnten bislang keine Angaben gemacht werden. Das Polizeirevier Albstadt hat die Ermittlungen übernommen. Dotternhausen (ZAK): Arbeitsunfall Am Freitagmittag, gegen 12.05 Uhr, hat sich ein Mitarbeiter eines Betonwerks an der linken Hand verletzt. Der 43-jährige Mann griff in eine Maschine und quetschte sich hierbei die Hand ein. Er konnte aus seiner misslichen Lage befreit werden und wurde durch den hinzugerufenen Rettungsdienst behandelt. Anschließend wurde er in ein Krankenhaus gebracht. Rückfragen bitte an: Florian Fuchs Polizeipräsidium Reutlingen Telefon:  Mo. - Fr./7:00 bis 17:00 Uhr: 07121/942-1111           außerhalb dieser Zeiten: 07121/942-2224 E-Mail:    reutlingen.pp.pressestelle@polizei.bwl.de http://www.polizei-bw.de 
 Original-Content von: Polizeipräsidium Reutlingen, übermittelt durch news aktuell 
 
 
","Kirchheim unter Teck,Ostfildern,Schömberg,Albstadt,Deizisau,Tübingen,Reutlingen,Baden-Württemberg","Motorrad,Polizeigewahrsam,Rettungswagen,Rettungsdienst,Vorfahrt,Motorradhelm,Krankenhaus,Wildschwein,Audi,Fahrrad,Auffahrunfall,Streifenwagen,Kreisverkehr,Nissan,Feuerwehr,BMW,Einsatzleitstelle,Neckar,Euro,Verkehrsunfallaufnahme,Leitpfosten,Holzheizung,Rettungshubschrauber,Verletzten,Polizeibeamte,Radfahrer,Schlager,Verkehrsunfälle,Rotes Meer,Rauchentwicklung,Hund,Schule,Transportunglück,Transportnotfall,Verkehrsunglück,Sicherheitskräfte,Verkehrsnotfall,Transport,Unglück,Polizei,Polizei Baden-Württemberg"
2,Reutlingen,110976,POL-RT: Verkehrsunfälle; Ladenmitarbeiterinnen angegriffen; Einbruch,5356759,https://www.presseportal.de/blaulicht/pm,28.10.2022 – 16:09,"
 
 28.10.2022 – 16:09 
 
 Polizeipräsidium Reutlingen 
 
 POL-RT: Verkehrsunfälle; Ladenmitarbeiterinnen angegriffen; Einbruch 
 
 
 
 
 
 
 
 
 
 
 
 
 
 
 
 
 
 
 
 
 
 
 
 Reutlingen  (ots)   Grafenberg (RT): Schwerer Verkehrsunfall im Einmündungsbereich Ein Schwerverletzter und Sachschaden in Höhe von etwa 35.000 Euro sind die Folgen eines Verkehrsunfalls, der sich am Freitagmorgen an der Einmündung B313/K6713 ereignet hat. Ein 30-Jähriger bog gegen 6.40 Uhr mit seinem Honda Accord von der Kreisstraße aus Richtung Tischardt kommend nach links in den Einmündungsbereich ein. Anschließend kam es zum Zusammenstoß mit dem VW Golf eines 21-Jährigen, der auf der Bundesstraße in Richtung Nürtingen unterwegs war. Der VW wurde in der Folge in den linken Grünstreifen abgewiesen. Dort überschlug sich der Wagen und kam schließlich auf dem Dach auf der Fahrbahn zum Liegen. Während der 30-Jährige nach ersten Erkenntnissen unverletzt blieb, erlitt der VW-Lenker, der offenbar keinen Sicherheitsgurt angelegt hatte, schwere Verletzungen. Er wurde mit einem Rettungshubschrauber in eine Klinik geflogen. Beide Fahrzeuge waren nicht mehr fahrbereit. Sie wurden abgeschleppt. Für die Dauer der Unfallaufnahme, der Rettungs- und Reinigungsarbeiten musste die B313 in beide Richtungen voll gesperrt werden. Hierzu waren auch die Feuerwehr und die Straßenmeisterei zur Unfallstelle ausgerückt. Bis diese gegen 11.30 Uhr geräumt werden konnte, kam es zu Verkehrsbeeinträchtigungen. (rn) Esslingen (ES): Angestellte mit Pfefferspray angegriffen (Zeugenaufruf) Nach zwei unbekannten, mutmaßlichen Ladendieben fahndet derzeit das Polizeirevier Esslingen. Nach aktuellem Kenntnisstand wurde das Duo am Freitagmittag, kurz vor 13.30 Uhr, von zwei Mitarbeiterinnen bei einem Ladendiebstahl ertappt und zur Aufnahme des Sachverhalts in einen Nebenraum gebeten. Als den beiden dort der Diebstahl zur Last gelegt wurde, besprühte einer der Tatverdächtigen die Frauen mit Pfefferspray. Anschließend flüchteten die Unbekannten in verschiedene Richtungen über den Hintereingang bzw. den Haupteingang. Sie konnten bei der polizeilichen Fahndung nicht mehr angetroffen werden. Die Angestellten mussten in der Folge vom Rettungsdienst behandelt werden. Die beiden Täter sind zwischen 30 und 35 Jahre alt und circa 170 bis 180 cm groß. Sie waren schlank und trugen zur Tatzeit einen Bart. Einer der beiden war komplett dunkel gekleidet. Sein Komplize trug eine schwarze Hose mit roten Streifen an den Beinen, einen schwarz-weißen Pullover mit roten Streifen an den Ärmeln sowie eine Sonnenbrille. Zeugen, die Hinweise zu den Gesuchten geben können, werden gebeten, sich unter der Telefonnummer 0711/3990-330 zu melden. (mr) Leinfelden-Echterdingen (ES): Pkw-Lenker nach Verkehrsunfall verstorben Ein Pkw-Lenker ist unmittelbar nach einem Verkehrsunfall am Freitagvormittag im Industriegebiet von Stetten verstorben. Der 61-Jährige befuhr gegen 9.10 Uhr mit einem Dacia die Sielminger Straße. Aus bislang ungeklärter Ursache kam er mit seinem Wagen nach rechts von der Fahrbahn ab und stieß gegen zwei größere Steine. In der Folge geriet der Pkw ins Driften, überquerte eine Kreuzung und prallte gegen eine sich dahinter befindliche, leicht ansteigende Böschung. Dort überschlug sich das Fahrzeug und blieb auf dem Dach liegen. Trotz rascher medizinischer Hilfe starb der Fahrer kurze Zeit später an der Unfallstelle. Die Todesursache steht bislang noch nicht fest. An dem Dacia war wirtschaftlicher Totalschaden in Höhe von etwa 10.000 Euro entstanden. Das Auto musste von einem Abschleppwagen geborgen werden. Zur Unterstützung war die Feuerwehr mit 26 Einsatzkräften und fünf Fahrzeugen vor Ort. Der Rettungsdienst rückte mit zehn Einsatzkräften und vier Fahrzeugen an die Unfallstelle aus. Die Esslinger Verkehrspolizei hat die Ermittlungen zur Unfallursache übernommen. (ms) Tübingen (TÜ): In Schule eingebrochen In eine Schule in Derendingen ist eingebrochen worden. Eine Passantin entdeckte am Freitagmorgen, kurz vor sechs Uhr, eine beschädigte Fensterscheibe und alarmierte die Polizei. Wie sich anschließend herausstellte, war ein Unbekannter über das Fenster in ein dahinterliegendes Büro gelangt, hatte dieses durchsucht und war anschließend mit einem Laptop ungesehen entkommen. Das Polizeirevier Tübingen hat die Ermittlungen aufgenommen. (rn) Rottenburg (TÜ): Bei Auffahrunfall verletzt Leichte Verletzungen hat eine Unfallverursacherin am Donnerstagnachmittag auf der L 385 erlitten. Die 24-Jährige war gegen 17.10 Uhr mit einem VW Transporter auf der Landstraße in Richtung Weiler unterwegs. Auf Höhe der Einmündung Schadenweilerstraße bemerkte sie zu spät, dass eine vorausfahrende, 64 Jahre alte BMW-Fahrerin verkehrsbedingt anhalten musste. Die Kollision war so heftig, dass sich die junge Frau leicht verletzte und mit einem Rettungswagen in eine Klinik gebracht werden musste. Ihr Fahrzeug war nicht mehr fahrbereit und musste abgeschleppt werden. Zur Unterstützung rückte die Feuerwehr mit acht Einsatzkräften und zwei Fahrzeugen an die Unfallstelle aus. (ms) Kirchentellinsfurt (TÜ): Senior von Fahrrad gestürzt Verletzungen bislang unbekannten Ausmaßes hat ein Senior beim Sturz von seinem Fahrrad am Freitagvormittag in Kirchentellinsfurt erlitten. Nach derzeitigem Ermittlungsstand war der 82-Jährige kurz nach 11.30 Uhr mit seinem Fahrrad von der Neue Straße nach rechts in die Gonsstraße abgebogen. Seinen Angaben nach sei er vom Pedal gerutscht, hätte daraufhin das Gleichgewicht verloren und auf den Gehweg gestürzt. Zwei Verkehrsteilnehmer kamen dem Verunglückten zu Hilfe, verständigten den Rettungsdienst und kümmerten sich bis zu dessen Eintreffen um ihn. Der Verletzte wurde mit einem Rettungswagen ins Krankenhaus gebracht. (ms) Kusterdingen (TÜ): Radfahrer gestürzt Schwere Verletzungen hat ein 61-Jähriger beim Sturz von seinem Fahrrad am Donnerstagmittag erlitten. Der Mann war gegen 13.20 Uhr mit seinem Zweirad auf der Straße parallel zur B28 in Richtung Tübingen unterwegs. Kurz nach der Erddeponie verlor er in einer Kurve offenbar die Kontrolle über sein Rad und stürzte. Der Rettungsdienst brachte ihn anschließend in ein Krankenhaus. (rn) Rückfragen bitte an: Michael Schaal (ms), Telefon 07121/942-1104  Martin Raff (mr), Telefon 07121/942-1105 Ramona Noller (rn), Telefon 07121/942-1103 Polizeipräsidium Reutlingen Telefon:  Mo. - Fr./7:00 bis 17:00 Uhr: 07121/942-1111           außerhalb dieser Zeiten: 07121/942-2224 E-Mail:    reutlingen.pp.pressestelle@polizei.bwl.de http://www.polizei-bw.de 
 Original-Content von: Polizeipräsidium Reutlingen, übermittelt durch news aktuell 
 
 
","Leinfelden-Echterdingen,Tübingen,Tischardt,Kusterdingen,Kirchentellinsfurt,Nürtingen,Reutlingen,Baden-Württemberg","Verkehrsunfallaufnahme,Rettungswagen,Rettungsdienst,Ladendiebstahl,Fahrrad,Automobil,Sicherheitsgurt,Feuerwehr,Auffahrunfall,Totalschaden,Polizeirevier,Verkehrsunfälle,Euro,Rettungshubschrauber,Krankenhaus,Pfefferspray,Personenkraftwagen,Sonnenbrille,Notebook,Verkehrsunfall,Transportnotfall,Transportunglück,Verkehrsunglück,Verkehrsnotfall,Transport,Unglück,Medizin, Gesundheit,Sicherheitskräfte,Polizei,Polizei Baden-Württemberg"
3,Reutlingen,110976,POL-RT: Mehrere Verkehrsunfälle; Kurzschluss in Einkaufsmarkt; Betrugsstraftaten; Einbruch in Mehrfamilienhaus; Brände; Gewahrsamnahmen,5356290,https://www.presseportal.de/blaulicht/pm,28.10.2022 – 11:30,"
 
 28.10.2022 – 11:30 
 
 Polizeipräsidium Reutlingen 
 
 POL-RT: Mehrere Verkehrsunfälle; Kurzschluss in Einkaufsmarkt; Betrugsstraftaten; Einbruch in Mehrfamilienhaus; Brände; Gewahrsamnahmen 
 
 
 
 
 
 
 
 
 
 
 
 
 
 
 
 
 
 
 
 
 
 
 
 Reutlingen  (ots)   Kind mit Fahrrad gestürzt Ein Kind ist am Donnerstagmittag mit seinem Fahrrad in der Tübinger Straße zu Fall gekommen und dabei verletzt worden. Der Zwölfjährige stürzte gegen 13 Uhr auf Höhe eines Fitnessstudios alleinbeteiligt zu Boden und zog sich hierbei nach ersten Erkenntnissen leichte Verletzungen zu. Nach einer ersten Versorgung vor Ort durch den Rettungsdienst wurde der Junge von seinen Eltern zur weiteren Untersuchung und Behandlung ins Krankenhaus gebracht. Am Fahrrad war augenscheinlich nur geringer Schaden entstanden. (mr) Reutlingen (RT): An Ampel aufgefahren Unachtsamkeit dürfte nach aktuellen Erkenntnissen die Ursache für einen Unfall sein, der sich am Donnerstagnachmittag in der Leopoldstraße in Degerschlacht ereignet hat. Der 48-jährige Fahrer eines Traktors war gegen 15.10 Uhr auf der Leopoldstraße in Richtung Reutlingen unterwegs, als er auf einen verkehrsbedingt an einer Ampel haltenden Mercedes eines 39-Jährigen auffuhr. Dabei touchierte der Traktor die A-Klasse mit einem in der Frontschaufel geladenen Heuballen. Durch den Aufprall wurde der 39-Jährige leicht verletzt, ein Rettungswagen war jedoch nicht erforderlich. Der Mercedes wurde durch den Unfall leicht beschädigt, der entstandene Sachschaden beläuft sich auf etwa 1.000 Euro. (ls) Reutlingen (RT): Stromausfall nach Kurzschluss Ein Kurzschluss mit anschließendem Stromausfall hat am Donnerstagnachmittag, gegen 17 Uhr, zum Einsatz von Feuerwehr, Rettungsdienst und Polizei bei einem Discounter in der Storlachstraße geführt. Nach derzeitigem Kenntnisstand war es am Stromverteiler zu dem Kurzschluss sowie einem kurzzeitigen Brand gekommen, der jedoch mit Hilfe eines Feuerlöschers gelöscht werden konnte. Aufgrund der Rauchentwicklung mussten das Personal sowie die Kundinnen und Kunden den Markt verlassen. Verletzt wurde hierbei wie bislang bekannt ist niemand. Der Sachschaden kann noch nicht beziffert werden. (mr) Landkreis Esslingen (ES): Betrug durch vermeintlichen Geschäftsführer (Warnhinweis für Unternehmen) Nach einer schadensträchtigen Betrugsstraftat, die sich in den vergangenen Wochen zum Nachteil eines Unternehmens im Landkreis Esslingen ereignet hat, ermittelt derzeit die Kriminalpolizeidirektion Esslingen. Ein Mitarbeiter des Unternehmens mit entsprechender Entscheidungsbefugnis hatte eine E-Mail erhalten, in der sich der Verfasser als Geschäftsführer bzw. Vorgesetzter ausgab und unter Geheimhaltung eine Geld-Überweisung auf ein ausländisches Konto anwies. Der Mann kam der schriftlichen Anweisung nach und veranlasste die verlangte Transaktion. Der finanzielle Schaden des Unternehmens liegt im sechsstelligen Bereich. Die Masche des vermeintlichen Vorgesetzten ist der Polizei bereits bekannt. Schon seit Jahren versuchen Kriminelle, über diese sogenannte Geschäftsführermasche bei Firmen und Unternehmen hohe Geldbeträge zu erbeuten. Mit geringfügigen Abweichungen ist das Vorgehen der Betrüger eigentliche immer dasselbe. Oftmals nutzen die Täter die tatsächliche Abwesenheit von Vorgesetzten aus, wenn sie Geldforderungen in den fingierten E-Mails an die überwiegend mittelständischen Betriebe senden. In seltenen Fällen erfolgen auch telefonische Kontaktaufnahmen von angeblich beauftragten Vertretern. Meist wird in dem Schriftverkehr zusätzlich vorgegaukelt, dass der Vorgang größter Geheimhaltung unterliege und äußerst dringlich sei. In den E-Mails teilt der vermeintliche Vorgesetzte außerdem mit, er sei telefonisch nicht erreichbar, um eine direkte Kontaktaufnahme zu verhindern. Die Polizei rät, beim Eingang derartiger E-Mails oder Anrufe vor einer entsprechenden Transaktion unbedingt persönlichen Kontakt mit der Firmenleitung aufzunehmen und die genutzte Mailadresse genau zu überprüfen. Oft weicht sie nur geringfügig von einer tatsächlich existenten Adresse ab. In vielen Fällen finden auch Vorabklärungen der Täter im Internet statt. Achten Sie darauf, welche Informationen über Firmenstrukturen und handelnde Personen Ihren Internetauftritten zu entnehmen sind. Bei einem Betrugsverdacht oder Ungereimtheiten sollten sich Betroffene außerdem an die Polizei wenden. (rn) Filderstadt (ES): Auffahrunfall mit drei Fahrzeugen Ein Auffahrunfall mit drei beteiligten Fahrzeugen hat sich am Donnerstagabend im Flughafentunnel ereignet. Gegen 18.10 Uhr war dort ein 40 Jahre alter Mann mit einem Renault Trafic in Richtung Bernhausen unterwegs und fuhr auf den verkehrsbedingt anhaltenden Seat einer 35-Jährigen auf. Durch die Wucht des Aufpralls wurde der Seat noch auf einen VW geschoben, der von einem 52-Jährigen gelenkt wurde. Beim Unfall erlitt die Frau nach derzeitigem Kenntnisstand leichte Verletzungen. Sie wurde vom Rettungsdienst ins Krankenhaus gebracht. Der Gesamtschaden an den Fahrzeugen dürfte sich ersten Schätzungen zufolge auf circa 8.000 Euro belaufen. (mr) Leinfelden-Echterdingen (ES): Mit Hubschrauber nach flüchtenden Einbrechern gesucht Mit einem Großaufgebot an Polizeikräften ist am Donnerstagabend rund um Leinfelden nach zwei flüchtenden Einbrechern gefahndet worden. Bewohner eines Mehrfamilienhauses im Bussardweg hörten gegen 20.30 Uhr verdächtige Geräusche aus der Erdgeschosswohnung. Als sie nachschauten, bemerkte das Ehepaar eine offenstehende Balkontüre sowie Lichtkegel im Inneren. Kurz darauf kamen zwei Personen aus der Wohnung und rannten davon. Von der sofort verständigten Polizei wurde eine Fahndung mit mehreren Streifenwagen, darunter auch Kräfte des Polizeipräsidiums Einsatz und einem Hubschrauber eingeleitet. Die Täter konnten jedoch unerkannt entkommen. Über ein mögliches Diebesgut liegen noch keine Erkenntnisse vor. (ms) Weilheim (ES): Kellerbrand Zu einem Kellerbrand mussten am Freitagmorgen die Rettungskräfte in den Weilheimer Amselweg ausrücken. Ersten Erkenntnissen nach hatte ein kleines Kind gegen 7.50 Uhr in einer Küchenzeile die Herdplatte versehentlich angestellt. Darauf liegende Bücher fingen aufgrund der Hitze Feuer und lösten einen Rauchmelder aus. Durch den Alarm wurde eine Bewohnerin auf den Brand aufmerksam und verständigte sofort die Feuerwehr. Dieser gelang es, das Feuer rasch zu löschen und ein Ausbreiten der Flammen zu verhindern. Es wurde niemand verletzt. Durch den Brand war ein Schaden in Höhe von etwa 2.000 Euro entstanden. (ms) Nürtingen (ES): Gestürzte Radfahrerin Zu einem Unfall mit einer Leichtverletzten und Sachschaden ist es am Donnerstagnachmittag an der Einmündung Breslauer Straße / Danziger Straße gekommen. Ein 21-Jähriger befuhr gegen 15.35 Uhr die Breslauer Straße in Richtung Danziger Straße mit einem Fiat Talenta. Beim Abbiegen in die Danziger Straße streifte der Wagen eine am rechten Straßenrand haltende, zwölfjährige Radfahrerin. Das Mädchen kam dadurch zu Fall und verletzte sich leicht. Es wurde vor Ort von Rettungskräften versorgt. Der entstandene Sachschaden wird auf etwa 1.100 Euro geschätzt. (ls) Esslingen (ES): In Gewahrsam genommen Ein erheblich alkoholisierter 45-Jähriger musste am Donnerstagnachmittag in der Pliensauvorstadt von der Polizei in Gewahrsam genommen werden. Nach aktuellem Ermittlungsstand war es zwischen dem Mann und einem Bekannten gegen 17.30 Uhr in der Stuttgarter Straße zu einer lautstarken Auseinandersetzung gekommen, weshalb von einer Zeugin die Polizei hinzugerufen wurde. Beim Eintreffen der Beamten verhielt sich der 45-Jährige diesen gegenüber aggressiv und ging außerdem seinen Bekannten körperlich an. Die Einsatzkräfte gingen dazwischen und erteilten dem Mann einen Platzverweis, dem er jedoch keine Folge leistete. Aufgrund seines weiterhin aggressiven Verhaltens musste er daher zu Boden gebracht und mit Unterstützung einer zweiten Streifenwagenbesatzung geschlossen werden. Dabei setzten die Beamten auch Pfefferspray ein. Im Anschluss wurde der 45-Jährige in eine Gewahrsamszelle gebracht. (mr) Kirchheim (ES): Zehnjährige bei Unfall verletzt Nach derzeitigem Kenntnisstand leichte Verletzungen hat ein Kind bei einem Verkehrsunfall am Donnerstagnachmittag in der Schülestraße erlitten. Das zehnjährige Mädchen war dort gegen 16.10 Uhr mit dem Fahrrad auf dem Gehweg in Richtung Alleenstraße unterwegs, als der Lenker eine Mülltonne touchierte. Das Kind stürzte daraufhin zu Boden, sein Fahrrad kollidierte noch mit einem geparkten Auto. Durch eine Rettungswagenbesatzung wurden die Verletzungen des Mädchens vor Ort versorgt. Die Zehnjährige konnte im Anschluss in die Obhut ihrer Mutter übergeben werden. (mr) Balingen (ZAK): Betrug über Messengerdienst Eine Frau aus Balingen ist in den vergangenen Tagen das Opfer von Betrügern geworden. Im Laufe des Mittwochs und am Donnerstag erhielt die 61-Jährige mehrere WhatsApp-Nachrichten von einer ihr unbekannten Handynummer, in der ihre vermeintliche Tochter angab, dass ihr Handy kaputtgegangen sei. Zudem wurde die Geschädigte gebeten, dringende Überweisungen zu tätigen. Die Balingerin überwies daraufhin mehrere Beträge in einer Gesamthöhe von mehreren tausend Euro. Im Laufe des Donnerstagnachmittags flog der Schwindel auf. Ob das Geld zurückgebucht werden kann, steht noch nicht fest. (ms) Balingen (ZAK): Fahrzeugbrand Zu einem Fahrzeugbrand ist es am Donnerstagnachmittag auf der B 27 gekommen. Kurz vor 18 Uhr bemerkte der Fahrer eines VW, der auf der Bundesstraße unterwegs war, dass sein Wagen zu brennen begonnen hatte. Er lenkte den Pkw daraufhin in die Robert-Wahl-Straße und stoppte. Durch die alarmierte Feuerwehr konnten die Flammen rasch gelöscht werden. Verletzt wurde niemand. Die Höhe des Sachschadens steht noch nicht fest. (mr) Albstadt (ZAK): Gepöbelt und Widerstand geleistet Unter anderem wegen Widerstands gegen Vollstreckungsbeamte ermittelt das Polizeirevier Albstadt seit Donnerstagnachmittag gegen einen 46-Jährigen. Kurz nach 15.30 Uhr wurde über Notruf mitgeteilt, dass ein Mann im Bereich Theodor-Groz-Straße / Kientenstraße Passanten anpöbeln und belästigen würde. Der offensichtlich alkoholisierte 46-Jährige wurde von den Beamten in der Folge auf dem Parkplatz eines Einkaufsmarktes angetroffen. Dort soll er kurz zuvor gegenüber einer Mitarbeiterin des Marktes handgreiflich geworden sein. Er verhielt sich weiterhin aggressiv und ignorierte Anweisungen der Einsatzkräfte. Da er auch einem ausgesprochenen Platzverweis nicht nachkam, musste er zu Boden gebracht und geschlossen werden. Gegen die Gewahrsamnahme leistete der Mann zudem erheblichen Widerstand. Ihn erwarten nun entsprechende Strafanzeigen bei der Staatsanwaltschaft. (mr) Rückfragen bitte an: Ramona Noller (rn), Telefon 07121/942-1103 Michael Schaal (ms), Telefon 07121/942-1104    Martin Raff (mr), Telefon 07121/942-1105 Linus Schuster (ls), Telefon 07121/942-1115 Polizeipräsidium Reutlingen Telefon:  Mo. - Fr./7:00 bis 17:00 Uhr: 07121/942-1111           außerhalb dieser Zeiten: 07121/942-2224 E-Mail:    reutlingen.pp.pressestelle@polizei.bwl.de http://www.polizei-bw.de 
 Original-Content von: Polizeipräsidium Reutlingen, übermittelt durch news aktuell 
 
 
","Leinfelden-Echterdingen,Degerschlacht,Filderstadt,Balingen,Pliensauvorstadt,Reutlingen,Baden-Württemberg","Polizeigewahrsam,E-Mail,Rettungswagen,Rettungsdienst,Internet,Krankenhaus,Streifenwagen,Stromausfall,Ampel,Feuerwehr,Euro,Fahrzeugbrand,Widerstand gegen Vollstreckungsbeamte,Notruf,Kriminalpolizei,Renault,Pfefferspray,Auffahrunfall,Mobiltelefon,Hubschrauber,Ballenpresse,Discounter,Streckenauffahrung,Mercedes-Benz A-Klasse,Fiat,Mercedes-Benz,Kurzschluss,Transportnotfall,Transport,Transportunglück,Sicherheitskräfte,Verkehrsnotfall,Unglück,Verkehrsunglück,Verkehrsbericht,Kriminalität,Polizei,Polizei Baden-Württemberg"
4,Reutlingen,110976,POL-RT: Einbrüche in Wohnung und Schuppen; Fahrzeugbrand; Verkehrsunfälle; Gerichtsvollzieher bedroht und Polizeibeamte angegriffen;,5355823,https://www.presseportal.de/blaulicht/pm,27.10.2022 – 16:43,"
 
 27.10.2022 – 16:43 
 
 Polizeipräsidium Reutlingen 
 
 POL-RT: Einbrüche in Wohnung und Schuppen; Fahrzeugbrand; Verkehrsunfälle; Gerichtsvollzieher bedroht und Polizeibeamte angegriffen; 
 
 
 
 
 
 
 
 
 
 
 
 
 
 
 
 
 
 
 
 
 
 
 
 Reutlingen  (ots)   In Wohnung eingebrochen In eine Wohnung in einem Mehrfamilienhaus in der Dinkelsbühler Straße sind Unbekannte in den vergangenen Tagen eingebrochen. Zwischen Sonntag, 7.30 Uhr, bis Donnerstag, 12.30 Uhr, kletterten die Einbrecher auf den Balkon im ersten Obergeschoss und verschafften sich über die Balkontüre gewaltsam Zutritt. Nachfolgend durchsuchten sie in der Wohnung die Schränke und Schubladen nach Stehlenswertem. Was gestohlen wurde, ist noch nicht bekannt. Der Polizeiposten Reutlingen-Nord hat die Ermittlungen aufgenommen. (cw) Reutlingen (RT): Fahrzeug in Brand geraten Möglicherweise ein technischer Defekt hat am Mittwochabend zu einem Feuerwehreinsatz in der Straße Bei der Kirche in Rommelsbach geführt. Gegen 18.30 Uhr bemerkte die 27-jährige Lenkerin eines VW Beetle den Brand im Motorraum ihres Fahrzeugs. Noch bevor die Feuerwehr angerückt war, hatten Passanten begonnen, die Flammen zu löschen. Der VW wurde von einem Abschleppunternehmen aufgeladen und abtransportiert. Der entstandene Sachschaden kann derzeit noch nicht beziffert werden. (rn) Engstingen (RT): Unfallflucht mit hohem Sachschaden (Zeugenaufruf) Einen Schaden in Höhe von mindestens 6.000 Euro hat ein bislang unbekannter Lkw-Fahrer bei einem Verkehrsunfall am Donnerstagvormittag angerichtet. Der Unbekannte war um 9.45 Uhr vermutlich mit einem 7,5 Tonner mit blauer Plane auf der Lange Straße in Richtung Trochtelfinger Straße unterwegs. Vor Gebäude Nr. 19 streifte er einen geparkten Opel Corsa und beschädigte an diesem die komplette Fahrerseite. Ohne anzuhalten und sich um den Schaden zu kümmern, fuhr der Verursacher anschließend davon. Da sich in der Nähe eine Bushaltestelle befindet, werden mögliche Zeugen gebeten, sich unter Telefon 07381/9364-0 mit dem Polizeirevier Münsingen in Verbindung zu setzen. (ms) Esslingen (ES): Radfahrerinnen zusammengestoßen Zwei Radfahrerinnen sind bei einem Verkehrsunfall am Donnerstagmorgen in der Obertürkheimer Straße nach ersten Erkenntnissen leicht verletzt worden. Eine 26-Jährige war gegen 7.15 Uhr mit ihrem Rennrad auf dem rechten Radweg entlang der Straße in Richtung Esslingen unterwegs. Zwischen der Rieslingstraße und der Emil-Kessler-Straße wechselte sie am Ende des Radwegs auf die gegenüberliegende Straßenseite. Auf dem dortigen Radweg kam es anschließend zum Zusammenstoß zwischen der 26 Jahre alten Rennradfahrerin und einer 60-Jährigen, die mit ihrem Rad in Richtung Stuttgart unterwegs war. Beide Frauen stürzten in der Folge zu Boden. Während die Rennradfahrerin vor Ort vom Rettungsdienst versorgt wurde, wurde die 60-Jährige vorsorglich zur Untersuchung in ein Krankenhaus gebracht. Der entstandene Sachschaden an den Rädern beläuft sich auf rund 1.200 Euro. (rn) Ostfildern (ES): Gerichtsvollzieherin bedroht und Polizeibeamten angriffen Wegen des Verdachts des tätlichen Angriffs auf Vollstreckungsbeamte und Bedrohung ermittelt der Polizeiposten Ostfildern seit Donnerstagvormittag gegen einen 70 Jahre alten Mann. Dieser war am Morgen im Rahmen eines Vollstreckungsverfahrens von einer Gerichtsvollzieherin an seiner Wohnanschrift in Nellingen aufgesucht worden. Nachdem der Mann ihr mit der Anwendung von Gewalt gedroht hatte, verständigte die Gerichtsvollzieherin die Polizei. Eine Streifenwagenbesatzung entdeckte den 70-Jährigen, der zwischenzeitlich zu Fuß geflüchtet war, im Rahmen der Fahndung kurz vor neun Uhr in der Uhlandstraße. Als dieser einer Kontrolle unterzogen werden sollte, schlug er einem 25 Jahre alten Polizeibeamten beim Aussteigen aus dem Streifenwagen unvermittelt ins Gesicht. Beide stürzten im folgenden Gerangel zu Boden, wonach der 70-Jährige schließlich festgenommen werden konnte. Sowohl der der Polizist als auch der 70 Jahre alte Mann wurden verletzt. Während der Polizeibeamte seinen Dienst nicht mehr fortsetzen konnte und ärztlich behandelt werden musste, lehnte der nach ersten Erkenntnissen leicht verletzte 70-Jährige eine ärztliche Behandlung ab. Er sieht nun entsprechenden Strafanzeigen entgegen. (rn) Owen (ES): Unfall im Einmündungsbereich Sachschaden in Höhe von 13.000 Euro ist bei einem Verkehrsunfall am Donnerstagmorgen an der Einmündung K1243/L1210 entstanden. Ein 50-Jähriger befuhr gegen 7.15 Uhr mit seinem Mercedes Sprinter die Kreisstraße in Richtung Landesstraße. An der dortigen Einmündung hielt er zunächst an. Als er anschließend auf die Landesstraße einfuhr kam es zum Zusammenstoß mit dem vorfahrtsberechtigten VW Polo einer 26-Jährigen. Dieser wurde nach rechts abgewiesen und kam auf einer angrenzenden Wiese zum Stehen. Verletzt wurde glücklicherweise niemand. Der Polo musste abgeschleppt werden. (rn) Rottenburg (TÜ): Schuppen aufgebrochen In einen Schuppen im Pfauenweg in Ergenzingen ist in der Nacht zum Donnerstag eingebrochen worden. Zwischen ein und zwei Uhr verschaffte sich der Unbekannte über eine Tür gewaltsam Zutritt zum Inneren des Schuppens. Entwendet wurde daraus nach derzeitigem Stand nichts. Der Polizeiposten Ergenzingen ermittelt. (rn) Rückfragen bitte an: Ramona Noller (rn), Telefon 07121/942-1103 Michael Schaal (ms), Telefon 07121/942-1104  Christian Wörner (cw), Telefon 07121/942-1102 Polizeipräsidium Reutlingen Telefon:  Mo. - Fr./7:00 bis 17:00 Uhr: 07121/942-1111           außerhalb dieser Zeiten: 07121/942-2224 E-Mail:    reutlingen.pp.pressestelle@polizei.bwl.de http://www.polizei-bw.de 
 Original-Content von: Polizeipräsidium Reutlingen, übermittelt durch news aktuell 
 
 
","Ostfildern,Nellingen auf den Fildern,Stuttgart,Ergenzingen,Engstingen,Reutlingen,Baden-Württemberg","Fahrzeugbrand,Unfallflucht,Feuerwehr,Opel,Polizeirevier,Krankenhaus,Streifenwagen,Rettungsdienst,Polizeibeamte,Schuppen,Wohnung,Verkehrsunfälle,Einbrüche,POL,Mercedes-Benz,Transportunglück,Sicherheitskräfte,Transport,Transportnotfall,Verkehrsunglück,Verkehrsnotfall,Unglück,Polizei,Polizei Baden-Württemberg"
5,Reutlingen,110976,POL-RT: Auseinandersetzungen; Verkehrsunfälle; Essen auf Herd vergessen; Brand von Mülltonne,5355276,https://www.presseportal.de/blaulicht/pm,,,,
6,Reutlingen,110976,POL-RT: Schwerer Verkehrsunfall,5354862,https://www.presseportal.de/blaulicht/pm,,,,
7,Reutlingen,110976,POL-RT: Weitere Verkehrsunfälle; Einbruch; Fahrzeugbrand; Körperverletzungsdelikt,5354756,https://www.presseportal.de/blaulicht/pm,,,,
8,Reutlingen,110976,POL-RT: Fahrzeugbrand auf B 10; Diebstahl von Kompletträdern,5354396,https://www.presseportal.de/blaulicht/pm,,,,
9,Reutlingen,110976,POL-RT: Weitere Festnahme nach Schusswechsel am 5. September 2022 in Esslingen,5354349,https://www.presseportal.de/blaulicht/pm,,,,
10,Reutlingen,110976,POL-RT: Mehrere Verkehrsunfälle; Exhibitionist; Aufbruch von Baustellenhütte; Polizeieinsatz; Brand von Holzstapel,5354325,https://www.presseportal.de/blaulicht/pm,,,,
11,Reutlingen,110976,POL-RT: Die Polizei warnt vor Einbrechern und intensiviert Maßnahmen zur Bekämpfung der Einbruchskriminalität,5353998,https://www.presseportal.de/blaulicht/pm,,,,
12,Reutlingen,110976,POL-RT: Festnahmen nach Pkw-Diebstahl (Ofterdingen/Reutlingen),5353763,https://www.presseportal.de/blaulicht/pm,,,,
13,Reutlingen,110976,POL-RT: Nach Brandlegung am 29. September 2022 in Albstadt: Tatverdächtige in Untersuchungshaft,5353420,https://www.presseportal.de/blaulicht/pm,,,,
14,Reutlingen,110976,POL-RT: Angebranntes Essen; Verkehrsunfälle; Einbrüche; Brände; Verpuffung an Heizung,5353313,https://www.presseportal.de/blaulicht/pm,,,,
15,Reutlingen,110976,POL-RT: Schwerer Verkehrsunfall mit fünf Verletzten,5352993,https://www.presseportal.de/blaulicht/pm,,,,
16,Reutlingen,110976,POL-RT: Mutmaßlicher Einbrecher festgenommen (Esslingen),5352913,https://www.presseportal.de/blaulicht/pm,,,,
17,Reutlingen,110976,POL-RT: Verkehrsunfälle; Brand; Riskant überholt,5352789,https://www.presseportal.de/blaulicht/pm,,,,
18,Reutlingen,110976,POL-RT: Mehrere Verkehrsunfälle; Einbrüche; Raubdelikt; Fahrzeugbrand,5352264,https://www.presseportal.de/blaulicht/pm,,,,
19,Reutlingen,110976,"POL-RT: Pkw-Aufbruch, Einbrüche, Sachbeschädigung an Kfz, Verkehrsunfälle, Körperverletzungen, Unfall bei privaten Arbeiten",5351584,https://www.presseportal.de/blaulicht/pm,,,,
20,Reutlingen,110976,"POL-RT: Einbruch, Feuerwehreinsatz, Gasaustritt, erfolgreicher Sucheinsatz, Verkehrsunfälle",5351198,https://www.presseportal.de/blaulicht/pm,,,,
21,Reutlingen,110976,POL-RT: Weitere Verkehrsunfälle,5350959,https://www.presseportal.de/blaulicht/pm,,,,
22,Reutlingen,110976,POL-RT: Nach versuchtem Tötungsdelikt in Zwiefalten - Tatverdächtiger in Haft,5350945,https://www.presseportal.de/blaulicht/pm,,,,
23,Reutlingen,110976,POL-RT: Nach schwerer Brandstiftung festgenommen (Kirchentellinsfurt),5350849,https://www.presseportal.de/blaulicht/pm,,,,
24,Reutlingen,110976,POL-RT: Schadensträchtiger Verkehrsunfall auf der B 463,5350787,https://www.presseportal.de/blaulicht/pm,,,,
25,Reutlingen,110976,POL-RT: Zwei Männer mit Messer schwer verletzt - Tatverdächtiger nach versuchtem Tötungsdelikt festgenommen (Zwiefalten/Kreis Reutlingen),5350470,https://www.presseportal.de/blaulicht/pm,,,,
26,Reutlingen,110976,POL-RT: Verkehrsunfälle; Senior betrogen; Radfahrerin zu Fall gebracht,5350429,https://www.presseportal.de/blaulicht/pm,,,,
27,Reutlingen,110976,POL-RT: Motorradfahrer tödlich verletzt; weitere Verkehrsunfälle; Gasleitung angebaggert,5349915,https://www.presseportal.de/blaulicht/pm,,,,
28,Reutlingen,110976,POL-RT: Einbruch in Schule; Verkehrsunfälle; Geklärte Unfallflucht,5349389,https://www.presseportal.de/blaulicht/pm,,,,
29,Reutlingen,110976,POL-RT: Verkehrsunfall - Fahrzeug überschlagen (Großbettlingen),5348943,https://www.presseportal.de/blaulicht/pm,,,,
30,Reutlingen,110976,POL-RT: Exhibitionist unterwegs,5348872,https://www.presseportal.de/blaulicht/pm,,,,
31,Reutlingen,110976,POL-RT: Mutmaßlicher Betrüger auf frischer Tat festgenommen (Reutlingen/Stuttgart),5348753,https://www.presseportal.de/blaulicht/pm,,,,
32,Reutlingen,110976,POL-RT: Spendenkasse gestohlen; Verkehrsunfälle; Einbrüche; Reitunfall; Brand,5348399,https://www.presseportal.de/blaulicht/pm,,,,
33,Reutlingen,110976,POL-RT: Nach Frontalzusammenstoß schwer verletzt (Bisingen),5347955,https://www.presseportal.de/blaulicht/pm,,,,
34,Reutlingen,110976,POL-RT: Mutmaßlicher Einbrecher festgenommen; Exhibitionist; Verkehrsunfälle,5347930,https://www.presseportal.de/blaulicht/pm,,,,
35,Reutlingen,110976,POL-RT: Mit Bagger an Brücke hängengeblieben,5347819,https://www.presseportal.de/blaulicht/pm,,,,
36,Reutlingen,110976,POL-RT: Zahlreiche Verkehrsunfälle; Erfolgreiche Vermisstensuche; Verkehrskontrollen; Einbruch in Sportheim; Zufall verhindert Betrug,5347490,https://www.presseportal.de/blaulicht/pm,,,,
37,Reutlingen,110976,POL-RT: Verkehrsunfälle; Schwelbrand; Dutzend Verkehrsverstöße; Einbruch; Farbschmierereien,5346923,https://www.presseportal.de/blaulicht/pm,,,,
38,Reutlingen,110976,"POL-RT: Einbrüche in Einkaufsmarkt, Seniorenheim und Vereinsheim; Verkehrsunfälle; Küchenbrand",5346287,https://www.presseportal.de/blaulicht/pm,,,,
39,Reutlingen,110976,POL-RT: Mutmaßlicher Einbrecher festgenommen (Wannweil),5346158,https://www.presseportal.de/blaulicht/pm,,,,
40,Reutlingen,110976,"POL-RT: Auseinandersetzungen, Brände, Einbruch",5345676,https://www.presseportal.de/blaulicht/pm,,,,
41,Reutlingen,110976,POL-RT: Kollision mit Gegenverkehr erfordert mehrere Verletzte,5345438,https://www.presseportal.de/blaulicht/pm,,,,
42,Reutlingen,110976,"POL-RT: Mehrere Einbrüche, Unfälle, hilflose Person",5345361,https://www.presseportal.de/blaulicht/pm,,,,
43,Reutlingen,110976,"POL-RT: Gefährlich überholt, Tiertransporter aus dem Verkehr gezogen, Heckenbrand",5345134,https://www.presseportal.de/blaulicht/pm,,,,
44,Reutlingen,110976,POL-RT: Betrüger schlagen zu; Verkehrsunfälle; Rauch in Tiefgarage; Einbruch; Verkehrskontrollen; Dachstuhlbrand,5344697,https://www.presseportal.de/blaulicht/pm,,,,
45,Reutlingen,110976,POL-RT: Handtaschenraub in Balingen,5344116,https://www.presseportal.de/blaulicht/pm,,,,
46,Reutlingen,110976,POL-RT: Unfall mit Schulbus,5344015,https://www.presseportal.de/blaulicht/pm,,,,
47,Reutlingen,110976,POL-RT: Warnhinweis der Polizei zur sofortigen Verbreitung insbesondere über den Rundfunk,5344007,https://www.presseportal.de/blaulicht/pm,,,,
48,Reutlingen,110976,POL-RT: Verkehrsunfälle; Brände; Jugendlicher überfallen,5343666,https://www.presseportal.de/blaulicht/pm,,,,
49,Reutlingen,110976,POL-RT: Weitere Verkehrsunfälle,5343146,https://www.presseportal.de/blaulicht/pm,,,,
50,Reutlingen,110976,"POL-RT: Exhibitionist, Kinder auf Zebrastreifen gefährdet, Unfälle, Auseinandersetzung, Brand, Gewalttätige Person",5342651,https://www.presseportal.de/blaulicht/pm,,,,
51,Reutlingen,110976,POL-RT: Diebstahl von Pedelecs; Verletzter Mann aufgefunden; Brand einer Gartenhütte,5342157,https://www.presseportal.de/blaulicht/pm,,,,
52,Reutlingen,110976,POL-RT: Betrug über Messengerdienst; Verkehrsunfälle; Einbrüche,5341687,https://www.presseportal.de/blaulicht/pm,,,,
53,Reutlingen,110976,POL-RT: Widerstand bei Verkehrskontrolle; Einbrüche in Gaststätte und Vereinsheime; Verkehrsunfall,5341162,https://www.presseportal.de/blaulicht/pm,,,,
54,Reutlingen,110976,POL-RT: Keine Chance für Einbrecher - kostenlose Beratung für Ihre Sicherheit,5341103,https://www.presseportal.de/blaulicht/pm,,,,
55,Reutlingen,110976,POL-RT: Verkehrsunfälle; Einbruch; Gemeldeter Zimmerbrand; Pkw-Lenker nachträglich verstorben,5340556,https://www.presseportal.de/blaulicht/pm,,,,
56,Reutlingen,110976,"POL-RT: Unfälle, Widerstand, Einbruch, Automatendiebstahl, Zimmerbrand",5339925,https://www.presseportal.de/blaulicht/pm,,,,
57,Reutlingen,110976,"POL-RT: Arbeitsunfall, Einbruch, Verkehrsunfälle",5339621,https://www.presseportal.de/blaulicht/pm,,,,
58,Reutlingen,110976,POL-RT: Vermeintlicher Gasgeruch,5339424,https://www.presseportal.de/blaulicht/pm,,,,
59,Reutlingen,110976,POL-RT: Tatverdächtiger nach schwerer räuberischer Erpressung festgenommen - Balingen (ZAK),5339282,https://www.presseportal.de/blaulicht/pm,,,,
