List-ID,image_score,n_ratings,Strassenname,Name
1,3.5319148936170213,47,Germaniaplatz_60385,Germaniaplatz_60385.jpeg
2,2.7906976744186047,43,Usinger_Strasse_60389,Usinger_Strasse_60389.jpeg
3,3.3783783783783785,37,Langenselbolder_Strasse_60386,Langenselbolder_Strasse_60386.jpeg
4,3.3703703703703702,54,Vogelstrasse_60528,Vogelstrasse_60528.jpeg
5,3.282608695652174,46,Bleichstrasse_60313,Bleichstrasse_60313.jpeg
6,2.8333333333333335,42,Gutleuthofweg_60327,Gutleuthofweg_60327.jpeg
7,2.2884615384615383,52,Breitenbachbruecke_60487,Breitenbachbruecke_60487.jpeg
8,3.3469387755102042,49,Gelbehirschstrasse_60313,Gelbehirschstrasse_60313.jpeg
9,3.215686274509804,51,Salvador-Allende-Strasse_60487,Salvador-Allende-Strasse_60487.jpeg
10,2.9814814814814814,54,Unter_den_Birken_60596,Unter_den_Birken_60596.jpeg
11,3.6923076923076925,39,Melchiorstrasse_65929,Melchiorstrasse_65929.jpeg
12,3.3617021276595747,47,An_den_Postwiesen_60488,An_den_Postwiesen_60488.jpeg
13,1.9148936170212767,47,Kruppstrasse_60388,Kruppstrasse_60388.jpeg
14,2.5,50,Johanna-Spyri-Weg_60438,Johanna-Spyri-Weg_60438.jpeg
15,2.723076923076923,65,Apostelstrasse_60528,Apostelstrasse_60528.jpeg
16,3.3617021276595747,47,Rheinstrasse_60325,Rheinstrasse_60325.jpeg
17,3.297872340425532,47,Heckerstrasse_60529,Heckerstrasse_60529.jpeg
18,3.2666666666666666,45,Malssstrasse_60320,Malssstrasse_60320.jpeg
19,2.9565217391304346,46,Plessengasse_60386,Plessengasse_60386.jpeg
20,3.5588235294117645,34,Daeumling_65936,Daeumling_65936.jpeg
21,3.6346153846153846,52,Josef-Fenzl-Strasse_65929,Josef-Fenzl-Strasse_65929.jpeg
22,3.3137254901960786,51,Buchwaldstrasse_60385,Buchwaldstrasse_60385.jpeg
23,2.796875,64,Dunantring_65936,Dunantring_65936.jpeg
24,3.127659574468085,47,Myliusstrasse_60323,Myliusstrasse_60323.jpeg
25,3.1964285714285716,56,Turiner_Strasse_60598,Turiner_Strasse_60598.jpeg
26,2.3181818181818183,44,Maybachbruecke_60439,Maybachbruecke_60439.jpeg
27,3.392857142857143,56,In_den_Waldgaerten_60488,In_den_Waldgaerten_60488.jpeg
28,3.7450980392156863,51,Rhoenstrasse_60316,Rhoenstrasse_60316.jpeg
29,3.3846153846153846,52,Ditmarstrasse_60487,Ditmarstrasse_60487.jpeg
30,3.517857142857143,56,Elsterstrasse_65933,Elsterstrasse_65933.jpeg
31,1.9428571428571428,35,Gisèle-Freund-Platz_60323,Gisèle-Freund-Platz_60323.jpeg
32,3.1052631578947367,38,Moerfelder_Landstrasse_60598,Moerfelder_Landstrasse_60598.jpeg
33,3.2051282051282053,39,Oberwiesenstrasse_60435,Oberwiesenstrasse_60435.jpeg
34,3.7017543859649122,57,Mauritiusstrasse_60529,Mauritiusstrasse_60529.jpeg
35,2.5254237288135593,59,Am_Steinernen_Stock_60320,Am_Steinernen_Stock_60320.jpeg
36,3.574074074074074,54,Rabenkopfweg_65931,Rabenkopfweg_65931.jpeg
37,2.641025641025641,39,Blauenstrasse_60528,Blauenstrasse_60528.jpeg
38,3.5,50,Schellingstrasse_60316,Schellingstrasse_60316.jpeg
39,3.3255813953488373,43,Ohmstrasse_60486,Ohmstrasse_60486.jpeg
40,2.9019607843137254,51,Donnersbergstrasse_60528,Donnersbergstrasse_60528.jpeg
41,3.5434782608695654,46,Kreutzerstrasse_60318,Kreutzerstrasse_60318.jpeg
42,2.0652173913043477,46,Rossittener_Strasse_60487,Rossittener_Strasse_60487.jpeg
43,2.9318181818181817,44,Rostocker_Strasse_60323,Rostocker_Strasse_60323.jpeg
44,3.088888888888889,45,Legienstrasse_65929,Legienstrasse_65929.jpeg
45,2.9444444444444446,54,In_der_Beginenklause_60599,In_der_Beginenklause_60599.jpeg
46,3.8085106382978724,47,Guenthersburgallee_60389,Guenthersburgallee_60389.jpeg
47,2.9767441860465116,43,Jugenheimer_Strasse_60528,Jugenheimer_Strasse_60528.jpeg
48,3.2444444444444445,45,Anzengruberstrasse_60320,Anzengruberstrasse_60320.jpeg
49,3.0,48,Salmuensterer_Strasse_60386,Salmuensterer_Strasse_60386.jpeg
50,3.4615384615384617,52,Bachstelzenweg_65929,Bachstelzenweg_65929.jpeg
51,3.425925925925926,54,Neue_Schlesingergasse_60311,Neue_Schlesingergasse_60311.jpeg
52,2.5961538461538463,52,Friedberger_Anlage_60314,Friedberger_Anlage_60314.jpeg
53,3.630434782608696,46,Sandaeckerstrasse_65933,Sandaeckerstrasse_65933.jpeg
54,2.46,50,Rhonestrasse_60528,Rhonestrasse_60528.jpeg
55,3.189189189189189,37,Kleine_Nelkenstrasse_60488,Kleine_Nelkenstrasse_60488.jpeg
56,1.9772727272727273,44,Chlodwig-Poth-Anlage_65936,Chlodwig-Poth-Anlage_65936.jpeg
57,3.148936170212766,47,Kurmainzer_Strasse_65929,Kurmainzer_Strasse_65929.jpeg
58,3.142857142857143,42,Neue_Mainzer_Strasse_60313,Neue_Mainzer_Strasse_60313.jpeg
59,3.5217391304347827,46,Hermesweg_60316,Hermesweg_60316.jpeg
60,3.4878048780487805,41,Hildburghaeuser_Weg_65931,Hildburghaeuser_Weg_65931.jpeg
61,2.542372881355932,59,Zum_Eiskeller_60529,Zum_Eiskeller_60529.jpeg
62,3.36,50,Hesselbergweg_65931,Hesselbergweg_65931.jpeg
63,3.0952380952380953,42,Preungesheimer_Strasse_60389,Preungesheimer_Strasse_60389.jpeg
64,3.5849056603773586,53,Mainzer_Landstrasse_60325,Mainzer_Landstrasse_60325.jpeg
65,3.56140350877193,57,Heylstrasse_60431,Heylstrasse_60431.jpeg
66,4.074074074074074,54,Hugo-Wolf-Strasse_60529,Hugo-Wolf-Strasse_60529.jpeg
67,3.4754098360655736,61,Krummauer_Strasse_60388,Krummauer_Strasse_60388.jpeg
68,3.4782608695652173,69,Walter-Kolb-Strasse_60594,Walter-Kolb-Strasse_60594.jpeg
69,3.840909090909091,44,Hostatostrasse_65929,Hostatostrasse_65929.jpeg
70,3.4285714285714284,49,Stiftstrasse_60313,Stiftstrasse_60313.jpeg
71,2.88,50,Selma-Lagerloef-Strasse_60431,Selma-Lagerloef-Strasse_60431.jpeg
72,2.6507936507936507,63,Bruderhofstrasse_60388,Bruderhofstrasse_60388.jpeg
73,3.020408163265306,49,Berner_Strasse_60437,Berner_Strasse_60437.jpeg
74,1.8431372549019607,51,August-Laubenheimer-Strasse_65929,August-Laubenheimer-Strasse_65929.jpeg
75,3.3877551020408165,49,Neuhofstrasse_60318,Neuhofstrasse_60318.jpeg
76,3.4166666666666665,60,Launitzstrasse_60594,Launitzstrasse_60594.jpeg
77,2.2083333333333335,48,Wallfahrtsweg_60389,Wallfahrtsweg_60389.jpeg
78,3.019230769230769,52,Neugasse_60437,Neugasse_60437.jpeg
79,3.3333333333333335,57,Dottenfeldstrasse_65936,Dottenfeldstrasse_65936.jpeg
80,3.8028169014084505,71,Rangenbergstrasse_60388,Rangenbergstrasse_60388.jpeg
81,3.4,45,Golub-Lebedenko-Platz_60326,Golub-Lebedenko-Platz_60326.jpeg
82,3.05,40,Schichaustrasse_60314,Schichaustrasse_60314.jpeg
83,3.028169014084507,71,Rotlintstrasse_60389,Rotlintstrasse_60389.jpeg
84,3.5084745762711864,59,Hanauer_Landstrasse_60314,Hanauer_Landstrasse_60314.jpeg
85,3.3513513513513513,37,Biebergasse_60313,Biebergasse_60313.jpeg
86,3.36,50,Jahnstrasse_60318,Jahnstrasse_60318.jpeg
87,2.7,40,Brueningstrasse_65929,Brueningstrasse_65929.jpeg
88,2.6333333333333333,60,Roemerstadtsteg_60439,Roemerstadtsteg_60439.jpeg
89,3.2093023255813953,43,Radilostrasse_60489,Radilostrasse_60489.jpeg
90,3.74,50,Am_Buchbaum_60437,Am_Buchbaum_60437.jpeg
91,2.08,50,Am_Riederbruch_60386,Am_Riederbruch_60386.jpeg
92,3.4150943396226414,53,Eysseneckstrasse_60322,Eysseneckstrasse_60322.jpeg
93,2.4126984126984126,63,Erlenbacher_Stadtweg_60437,Erlenbacher_Stadtweg_60437.jpeg
94,3.68,50,Tarnowitzer_Strasse_65933,Tarnowitzer_Strasse_65933.jpeg
95,3.1346153846153846,52,Propst-Goebels-Weg_60389,Propst-Goebels-Weg_60389.jpeg
96,2.9855072463768115,69,Wittelsbacherallee_60385,Wittelsbacherallee_60385.jpeg
97,3.5555555555555554,45,Soemmerringstrasse_60322,Soemmerringstrasse_60322.jpeg
98,3.6923076923076925,52,Ludwigstrasse_60327,Ludwigstrasse_60327.jpeg
99,2.891304347826087,46,Schalkwiesenweg_60488,Schalkwiesenweg_60488.jpeg
100,2.7857142857142856,56,Aussiger_Strasse_60598,Aussiger_Strasse_60598.jpeg
101,3.074074074074074,54,Polizeimeister-Kaspar-Strasse_60320,Polizeimeister-Kaspar-Strasse_60320.jpeg
102,2.712121212121212,66,Schwarzwaldstrasse_60528,Schwarzwaldstrasse_60528.jpeg
103,3.2888888888888888,45,Hoechster_Schlossplatz_65929,Hoechster_Schlossplatz_65929.jpeg
104,3.0,45,Am_Lohwald_60488,Am_Lohwald_60488.jpeg
105,2.0,51,Jakob-Quirin-Weg_60437,Jakob-Quirin-Weg_60437.jpeg
106,3.2264150943396226,53,Wirschelweg_60437,Wirschelweg_60437.jpeg
107,2.6458333333333335,48,Georg-Voigt-Strasse_60325,Georg-Voigt-Strasse_60325.jpeg
108,3.6346153846153846,52,Licher_Strasse_60389,Licher_Strasse_60389.jpeg
109,3.022727272727273,44,Herbert-Boehm-Strasse_60528,Herbert-Boehm-Strasse_60528.jpeg
110,3.325,40,Haendelstrasse_60318,Haendelstrasse_60318.jpeg
111,3.0,51,Corneliusstrasse_60325,Corneliusstrasse_60325.jpeg
112,2.980769230769231,52,Moenchhofstrasse_60326,Moenchhofstrasse_60326.jpeg
113,3.5964912280701755,57,Rotteckstrasse_60316,Rotteckstrasse_60316.jpeg
114,2.1346153846153846,52,Kamelienstrasse_65929,Kamelienstrasse_65929.jpeg
115,3.5,38,Elsheimerstrasse_60322,Elsheimerstrasse_60322.jpeg
116,3.18,50,Amtsgasse_65929,Amtsgasse_65929.jpeg
117,4.021739130434782,46,Beselerstrasse_60385,Beselerstrasse_60385.jpeg
118,3.274193548387097,62,Bornheimer_Landwehr_60385,Bornheimer_Landwehr_60385.jpeg
119,3.490566037735849,53,Herbert-von-Meister-Strasse_65931,Herbert-von-Meister-Strasse_65931.jpeg
120,3.6666666666666665,51,Martin-Luther-Strasse_60316,Martin-Luther-Strasse_60316.jpeg
121,3.36734693877551,49,Casparistrasse_60435,Casparistrasse_60435.jpeg
122,3.16,50,Galvanistrasse_60486,Galvanistrasse_60486.jpeg
123,2.7,40,Westendstrasse_60325,Westendstrasse_60325.jpeg
124,3.3529411764705883,51,An_der_Pfaffenmauer_60388,An_der_Pfaffenmauer_60388.jpeg
125,3.3863636363636362,44,Melanchthonplatz_60599,Melanchthonplatz_60599.jpeg
126,3.183673469387755,49,Einbaumstrasse_65933,Einbaumstrasse_65933.jpeg
127,3.1951219512195124,41,Herriotstrasse_60528,Herriotstrasse_60528.jpeg
128,2.4827586206896552,58,Am_Galgenberg_60389,Am_Galgenberg_60389.jpeg
129,3.25,52,Bornweidstrasse_60388,Bornweidstrasse_60388.jpeg
130,3.175438596491228,57,Platz_der_vergessenen_Kinder_60596,Platz_der_vergessenen_Kinder_60596.jpeg
131,3.739130434782609,46,Carlo-Schmid-Platz_60325,Carlo-Schmid-Platz_60325.jpeg
132,3.5106382978723403,47,Liederbacher_Strasse_65929,Liederbacher_Strasse_65929.jpeg
133,2.6346153846153846,52,Egestrasse_60488,Egestrasse_60488.jpeg
134,3.044776119402985,67,Franz-Simon-Strasse_65934,Franz-Simon-Strasse_65934.jpeg
135,3.2153846153846155,65,Neuer_Wall_60594,Neuer_Wall_60594.jpeg
136,3.4745762711864407,59,Hammersbacher_Weg_60388,Hammersbacher_Weg_60388.jpeg
137,3.55,40,Blankenheimer_Strasse_60529,Blankenheimer_Strasse_60529.jpeg
138,1.5098039215686274,51,Am_Martinszehnten_60437,Am_Martinszehnten_60437.jpeg
139,2.98,50,Azaleenweg_60433,Azaleenweg_60433.jpeg
140,3.234042553191489,47,Hans-Thoma-Strasse_60596,Hans-Thoma-Strasse_60596.jpeg
141,3.6226415094339623,53,An_der_Wolfsweide_60435,An_der_Wolfsweide_60435.jpeg
142,3.784313725490196,51,Hannah-Arendt-Strasse_60438,Hannah-Arendt-Strasse_60438.jpeg
143,3.8679245283018866,53,Briandring_60598,Briandring_60598.jpeg
144,3.6341463414634148,41,Alt-Roedelheim_60489,Alt-Roedelheim_60489.jpeg
145,3.6136363636363638,44,Rauschenberger_Strasse_60433,Rauschenberger_Strasse_60433.jpeg
146,3.3125,48,Breslauer_Strasse_60598,Breslauer_Strasse_60598.jpeg
147,1.9777777777777779,45,Stralsunder_Strasse_60323,Stralsunder_Strasse_60323.jpeg
148,2.869565217391304,46,Pfungststrasse_60314,Pfungststrasse_60314.jpeg
149,3.673076923076923,52,Altkoenigstrasse_60323,Altkoenigstrasse_60323.jpeg
150,3.586206896551724,58,Quirinsstrasse_60599,Quirinsstrasse_60599.jpeg
151,3.5555555555555554,54,Justinianstrasse_60322,Justinianstrasse_60322.jpeg
152,3.3095238095238093,42,Georg-Speyer-Strasse_60487,Georg-Speyer-Strasse_60487.jpeg
153,3.288135593220339,59,Nachtigallenweg_65929,Nachtigallenweg_65929.jpeg
154,3.4565217391304346,46,Karl-Albert-Strasse_60385,Karl-Albert-Strasse_60385.jpeg
155,2.9565217391304346,46,Am_Muehlkanal_60599,Am_Muehlkanal_60599.jpeg
156,3.509433962264151,53,Amoeneburger_Strasse_60433,Amoeneburger_Strasse_60433.jpeg
157,3.2244897959183674,49,Humperdinckstrasse_60598,Humperdinckstrasse_60598.jpeg
158,3.576923076923077,52,Roedelheimer_Strasse_60487,Roedelheimer_Strasse_60487.jpeg
159,3.5757575757575757,33,Aystettstrasse_60322,Aystettstrasse_60322.jpeg
160,3.6666666666666665,54,Am_Wasserturm_60435,Am_Wasserturm_60435.jpeg
161,3.2241379310344827,58,Lindenstrasse_60325,Lindenstrasse_60325.jpeg
162,3.111111111111111,54,Unter_den_Linden_60596,Unter_den_Linden_60596.jpeg
163,2.5762711864406778,59,Jakob-Latscha-Strasse_60314,Jakob-Latscha-Strasse_60314.jpeg
164,3.2790697674418605,43,Sindlinger_Strasse_60326,Sindlinger_Strasse_60326.jpeg
165,2.9814814814814814,54,Leuchte_60388,Leuchte_60388.jpeg
166,3.391304347826087,46,Habichtsweg_60437,Habichtsweg_60437.jpeg
167,2.75,44,Adolf-Miersch-Strasse_60528,Adolf-Miersch-Strasse_60528.jpeg
168,3.9019607843137254,51,Am_Treutengraben_60488,Am_Treutengraben_60488.jpeg
169,2.409090909090909,44,Caecilienstrasse_60433,Caecilienstrasse_60433.jpeg
170,2.1818181818181817,44,Emser_Strasse_60486,Emser_Strasse_60486.jpeg
171,2.5,62,Am_Oberforsthaus_60528,Am_Oberforsthaus_60528.jpeg
172,2.824561403508772,57,Niddastrasse_60327,Niddastrasse_60327.jpeg
173,3.3962264150943398,53,Skylineblick_60438,Skylineblick_60438.jpeg
174,1.8243243243243243,74,Grueneburgpark_60323,Grueneburgpark_60323.jpeg
175,2.694915254237288,59,Miquelallee_60487,Miquelallee_60487.jpeg
176,3.574074074074074,54,An_der_Mannsfaust_60599,An_der_Mannsfaust_60599.jpeg
177,3.4754098360655736,61,Welschgrabenstrasse_65931,Welschgrabenstrasse_65931.jpeg
178,2.5,44,Juergen-Ponto-Platz_60329,Juergen-Ponto-Platz_60329.jpeg
179,3.3518518518518516,54,Wilhelm-Koppel-Weg_65934,Wilhelm-Koppel-Weg_65934.jpeg
180,3.239130434782609,46,Am_Wetterhahn_60437,Am_Wetterhahn_60437.jpeg
181,3.25,48,Theodor-Heuss-Allee_60327,Theodor-Heuss-Allee_60327.jpeg
182,3.0545454545454547,55,Unterer_Atzemer_60316,Unterer_Atzemer_60316.jpeg
183,2.765957446808511,47,Johanniskirchplatz_60385,Johanniskirchplatz_60385.jpeg
184,2.851063829787234,47,Auf_der_Platte_60435,Auf_der_Platte_60435.jpeg
185,3.702127659574468,47,Peter-Henlein-Strasse_60435,Peter-Henlein-Strasse_60435.jpeg
186,3.0350877192982457,57,Freudenberger_Strasse_60599,Freudenberger_Strasse_60599.jpeg
187,3.2884615384615383,52,Nussbaumstrasse_60385,Nussbaumstrasse_60385.jpeg
188,3.1153846153846154,52,Scheerengasse_60599,Scheerengasse_60599.jpeg
189,3.122448979591837,49,Nesselbuschstrasse_60439,Nesselbuschstrasse_60439.jpeg
190,2.2222222222222223,45,Hinter_der_Krebsmuehle_60439,Hinter_der_Krebsmuehle_60439.jpeg
191,3.056603773584906,53,Buber-Neumann-Weg_60439,Buber-Neumann-Weg_60439.jpeg
192,2.4107142857142856,56,Friedrich-List-Strasse_60386,Friedrich-List-Strasse_60386.jpeg
193,2.2083333333333335,48,Morsestrasse_60486,Morsestrasse_60486.jpeg
194,3.533333333333333,45,Textorstrasse_60596,Textorstrasse_60596.jpeg
195,3.4166666666666665,36,Hermannspforte_60437,Hermannspforte_60437.jpeg
196,2.225,40,Ampèrestrasse_60486,Ampèrestrasse_60486.jpeg
197,1.5121951219512195,41,Breitenbachstrasse_60487,Breitenbachstrasse_60487.jpeg
198,3.3095238095238093,42,Herbartstrasse_60316,Herbartstrasse_60316.jpeg
199,1.8333333333333333,48,Dreieichstrasse_60594,Dreieichstrasse_60594.jpeg
200,3.3529411764705883,51,Franz-Kafka-Strasse_60431,Franz-Kafka-Strasse_60431.jpeg
201,3.2244897959183674,49,Mierendorffstrasse_60320,Mierendorffstrasse_60320.jpeg
202,3.652173913043478,46,Ebereschenweg_60433,Ebereschenweg_60433.jpeg
203,3.022727272727273,44,Schrimpegasse_60529,Schrimpegasse_60529.jpeg
204,3.62,50,Westerbachstrasse_65936,Westerbachstrasse_65936.jpeg
205,3.5833333333333335,48,Howaldtstrasse_60314,Howaldtstrasse_60314.jpeg
206,3.1,50,Bachforellenweg_60327,Bachforellenweg_60327.jpeg
207,3.533333333333333,45,Leerbachstrasse_60322,Leerbachstrasse_60322.jpeg
208,3.2758620689655173,58,An_der_Wellenburg_60437,An_der_Wellenburg_60437.jpeg
209,2.638888888888889,36,Haeussermannstrasse_65933,Haeussermannstrasse_65933.jpeg
210,3.4871794871794872,39,Goldsteinstrasse_60528,Goldsteinstrasse_60528.jpeg
211,3.1481481481481484,54,Bruchfeldstrasse_60528,Bruchfeldstrasse_60528.jpeg
212,3.84375,32,An_der_Seehecke_60386,An_der_Seehecke_60386.jpeg
213,3.175,40,Boenstaedter_Strasse_60385,Boenstaedter_Strasse_60385.jpeg
214,3.2790697674418605,43,Schwedenpfad_65934,Schwedenpfad_65934.jpeg
215,2.4782608695652173,46,Guerickestrasse_60488,Guerickestrasse_60488.jpeg
216,3.0638297872340425,47,Schleiermacherstrasse_60316,Schleiermacherstrasse_60316.jpeg
217,2.3454545454545452,55,Leunastrasse_65929,Leunastrasse_65929.jpeg
218,3.269230769230769,52,Waldmeisterpfad_65933,Waldmeisterpfad_65933.jpeg
219,2.8771929824561404,57,Justinuskirchstrasse_65929,Justinuskirchstrasse_65929.jpeg
220,3.732142857142857,56,Landgraben_60388,Landgraben_60388.jpeg
221,2.1346153846153846,52,Landauer_Strasse_65934,Landauer_Strasse_65934.jpeg
222,3.018181818181818,55,Hansenweg_60599,Hansenweg_60599.jpeg
223,3.4444444444444446,45,Hinterm_Hain_60437,Hinterm_Hain_60437.jpeg
224,2.8983050847457625,59,Gellertstrasse_60389,Gellertstrasse_60389.jpeg
225,3.326923076923077,52,Koelner_Strasse_60327,Koelner_Strasse_60327.jpeg
226,3.216666666666667,60,Holbeinsteg_60596,Holbeinsteg_60596.jpeg
227,3.148936170212766,47,Ruehlstrasse_60433,Ruehlstrasse_60433.jpeg
228,2.4038461538461537,52,Niederraeder_Ufer_60528,Niederraeder_Ufer_60528.jpeg
229,3.018181818181818,55,Am_Stiegelschlag_60385,Am_Stiegelschlag_60385.jpeg
230,3.4705882352941178,51,Auerstrasse_65929,Auerstrasse_65929.jpeg
231,3.536231884057971,69,Am_Dornbusch_60320,Am_Dornbusch_60320.jpeg
232,2.8518518518518516,54,Heinz-Raspe-Platz_60314,Heinz-Raspe-Platz_60314.jpeg
233,3.477272727272727,44,Rehstrasse_65933,Rehstrasse_65933.jpeg
234,2.795918367346939,49,Am_Weingarten_60487,Am_Weingarten_60487.jpeg
235,2.5531914893617023,47,Wichernstrasse_60389,Wichernstrasse_60389.jpeg
236,3.1136363636363638,44,Rembrandtstrasse_60596,Rembrandtstrasse_60596.jpeg
237,3.2857142857142856,49,Boerneplatz_60311,Boerneplatz_60311.jpeg
238,3.627450980392157,51,Luciusstrasse_65929,Luciusstrasse_65929.jpeg
239,3.4347826086956523,46,Glauburgstrasse_60318,Glauburgstrasse_60318.jpeg
240,3.085714285714286,35,Ernst-May-Platz_60385,Ernst-May-Platz_60385.jpeg
241,3.0634920634920637,63,Sophienstrasse_60487,Sophienstrasse_60487.jpeg
242,2.5652173913043477,46,Paulistrasse_65929,Paulistrasse_65929.jpeg
243,3.449275362318841,69,Mainzer_Landstrasse_60326,Mainzer_Landstrasse_60326.jpeg
244,3.125,48,Goldammerstrasse_60528,Goldammerstrasse_60528.jpeg
245,2.875,56,Friedrich-Wilhelm-von-Steuben-Strasse_60488,Friedrich-Wilhelm-von-Steuben-Strasse_60488.jpeg
246,3.36,50,Wilhelm-Leuschner-Strasse_60329,Wilhelm-Leuschner-Strasse_60329.jpeg
247,3.272727272727273,44,Hausener_Obergasse_60488,Hausener_Obergasse_60488.jpeg
248,3.125,48,Theodor-Stern-Kai_60596,Theodor-Stern-Kai_60596.jpeg
249,3.382978723404255,47,Hainer_Weg_60599,Hainer_Weg_60599.jpeg
250,3.4318181818181817,44,Im_Trieb_60389,Im_Trieb_60389.jpeg
251,3.65625,64,Untermainkai_60311,Untermainkai_60311.jpeg
252,3.4693877551020407,49,Fuellerstrasse_60431,Fuellerstrasse_60431.jpeg
253,1.8048780487804879,41,Humserstrasse_60320,Humserstrasse_60320.jpeg
254,3.24,50,Kehreinstrasse_65934,Kehreinstrasse_65934.jpeg
255,1.849056603773585,53,Honsellbruecke_60314,Honsellbruecke_60314.jpeg
256,3.0172413793103448,58,Droysenstrasse_60385,Droysenstrasse_60385.jpeg
257,4.075,40,Trajanstrasse_60439,Trajanstrasse_60439.jpeg
258,2.975,40,Solmsstrasse_60486,Solmsstrasse_60486.jpeg
259,3.6491228070175437,57,Graefendeichstrasse_60599,Graefendeichstrasse_60599.jpeg
260,3.159090909090909,44,Buchrainplatz_60599,Buchrainplatz_60599.jpeg
261,3.375,56,Hasselhorstweg_60599,Hasselhorstweg_60599.jpeg
262,1.9767441860465116,43,Max-Horkheimer-Strasse_60323,Max-Horkheimer-Strasse_60323.jpeg
263,3.230769230769231,52,Anspacher_Strasse_60326,Anspacher_Strasse_60326.jpeg
264,3.532258064516129,62,Josbacher_Strasse_60326,Josbacher_Strasse_60326.jpeg
265,3.314814814814815,54,Ruesterstrasse_60325,Ruesterstrasse_60325.jpeg
266,3.717391304347826,46,Leipziger_Strasse_60487,Leipziger_Strasse_60487.jpeg
267,3.558139534883721,43,Grosse_Gallusstrasse_60312,Grosse_Gallusstrasse_60312.jpeg
268,2.6451612903225805,62,Garbenstrasse_60327,Garbenstrasse_60327.jpeg
269,3.288135593220339,59,Mainkai_60311,Mainkai_60311.jpeg
270,2.0232558139534884,43,Heinrich-Luebke-Strasse_60488,Heinrich-Luebke-Strasse_60488.jpeg
271,3.306122448979592,49,Grosse_Fischerstrasse_60311,Grosse_Fischerstrasse_60311.jpeg
272,3.5277777777777777,36,Platanenstrasse_65933,Platanenstrasse_65933.jpeg
273,3.253731343283582,67,Ziegelei-Allee_60488,Ziegelei-Allee_60488.jpeg
274,3.0545454545454547,55,Vogesenstrasse_60529,Vogesenstrasse_60529.jpeg
275,3.392156862745098,51,Goethestrasse_60313,Goethestrasse_60313.jpeg
276,3.511627906976744,43,Grosse_Nelkenstrasse_60488,Grosse_Nelkenstrasse_60488.jpeg
277,3.306451612903226,62,Feuerbachstrasse_60325,Feuerbachstrasse_60325.jpeg
278,3.5319148936170213,47,Woogstrasse_60431,Woogstrasse_60431.jpeg
279,3.016949152542373,59,Mitscherlichplatz_60323,Mitscherlichplatz_60323.jpeg
280,3.25,52,Battonnstrasse_60311,Battonnstrasse_60311.jpeg
281,3.5692307692307694,65,Rossertstrasse_60323,Rossertstrasse_60323.jpeg
282,2.892857142857143,56,Schwalbacher_Strasse_60326,Schwalbacher_Strasse_60326.jpeg
283,3.6545454545454548,55,Kopernikusstrasse_65929,Kopernikusstrasse_65929.jpeg
284,3.358490566037736,53,Zorbachstrasse_60435,Zorbachstrasse_60435.jpeg
285,3.8125,48,Ahornstrasse_65933,Ahornstrasse_65933.jpeg
286,3.6545454545454548,55,Landgrafenstrasse_60487,Landgrafenstrasse_60487.jpeg
287,3.6153846153846154,52,Caecilie-Breckheimer-Platz_60386,Caecilie-Breckheimer-Platz_60386.jpeg
288,2.9482758620689653,58,Gruene_Strasse_60316,Gruene_Strasse_60316.jpeg
289,3.382978723404255,47,Albanusstrasse_65929,Albanusstrasse_65929.jpeg
290,2.5918367346938775,49,Kochstrasse_60599,Kochstrasse_60599.jpeg
291,2.62,50,Kobbachstrasse_60433,Kobbachstrasse_60433.jpeg
292,3.08,50,Koenigsteiner_Strasse_65929,Koenigsteiner_Strasse_65929.jpeg
293,3.4,45,Eichendorffstrasse_60320,Eichendorffstrasse_60320.jpeg
294,1.9047619047619047,42,Dorfelder_Strasse_60385,Dorfelder_Strasse_60385.jpeg
295,3.0681818181818183,44,Kleiner_Hirschgraben_60311,Kleiner_Hirschgraben_60311.jpeg
296,3.391304347826087,46,Roederbergweg_60316,Roederbergweg_60316.jpeg
297,2.5294117647058822,51,Mailaender_Strasse_60598,Mailaender_Strasse_60598.jpeg
298,2.9361702127659575,47,Griesheimer_Stadtweg_60327,Griesheimer_Stadtweg_60327.jpeg
299,2.3469387755102042,49,Jakob-Heller-Strasse_60320,Jakob-Heller-Strasse_60320.jpeg
300,1.8222222222222222,45,Leunabruecke_60529,Leunabruecke_60529.jpeg
301,2.8035714285714284,56,Im_Sperber_60388,Im_Sperber_60388.jpeg
302,3.4791666666666665,48,Allerheiligenstrasse_60313,Allerheiligenstrasse_60313.jpeg
303,3.3877551020408165,49,Leonhardsgasse_60389,Leonhardsgasse_60389.jpeg
304,3.2131147540983607,61,Johannesallee_65929,Johannesallee_65929.jpeg
305,2.872340425531915,47,Kurt-Schumacher-Strasse_60311,Kurt-Schumacher-Strasse_60311.jpeg
306,3.673469387755102,49,Chattenweg_65929,Chattenweg_65929.jpeg
307,3.450980392156863,51,Miltenberger_Strasse_60599,Miltenberger_Strasse_60599.jpeg
308,2.574074074074074,54,Volgersbrunnenweg_60386,Volgersbrunnenweg_60386.jpeg
309,3.2291666666666665,48,Auf_der_Lindenhoehe_60433,Auf_der_Lindenhoehe_60433.jpeg
310,1.8,55,Burgholzer_Platz_60433,Burgholzer_Platz_60433.jpeg
311,2.727272727272727,55,Karl-Gerold-Platz_60594,Karl-Gerold-Platz_60594.jpeg
312,3.5925925925925926,54,Herborner_Strasse_60439,Herborner_Strasse_60439.jpeg
313,3.6923076923076925,52,Liebknechtstrasse_65929,Liebknechtstrasse_65929.jpeg
314,3.0208333333333335,48,Anemonenpfad_65933,Anemonenpfad_65933.jpeg
315,2.7346938775510203,49,Am_Brennhaus_65933,Am_Brennhaus_65933.jpeg
316,3.090909090909091,44,Bischofsweg_60598,Bischofsweg_60598.jpeg
317,2.7111111111111112,45,In_der_Schildwacht_65933,In_der_Schildwacht_65933.jpeg
318,3.75,48,Sinner_Weg_60439,Sinner_Weg_60439.jpeg
319,2.26,50,Sandhofstrasse_60528,Sandhofstrasse_60528.jpeg
320,3.693877551020408,49,Am_Rebenborn_60388,Am_Rebenborn_60388.jpeg
321,3.017543859649123,57,Carl-von-Noorden-Platz_60596,Carl-von-Noorden-Platz_60596.jpeg
322,3.108695652173913,46,Mainluststrasse_60329,Mainluststrasse_60329.jpeg
323,3.28,50,Landvogtstrasse_60320,Landvogtstrasse_60320.jpeg
324,3.239130434782609,46,Martin-Weber-Platz_60385,Martin-Weber-Platz_60385.jpeg
325,3.0,62,Pfingstbrunnenstrasse_60486,Pfingstbrunnenstrasse_60486.jpeg
326,2.9152542372881354,59,Marienstrasse_60329,Marienstrasse_60329.jpeg
327,3.25,64,Koenigswarterstrasse_60316,Koenigswarterstrasse_60316.jpeg
328,3.2045454545454546,44,Lia-Woehr-Platz_60327,Lia-Woehr-Platz_60327.jpeg
329,2.7454545454545456,55,An_der_Bitz_60488,An_der_Bitz_60488.jpeg
330,3.5396825396825395,63,Stegerwaldstrasse_65929,Stegerwaldstrasse_65929.jpeg
331,2.7333333333333334,45,Deutschherrnbruecke_60594,Deutschherrnbruecke_60594.jpeg
332,3.423076923076923,52,Eiserner_Steg_60594,Eiserner_Steg_60594.jpeg
333,2.3513513513513513,37,Giessener_Strasse_60435,Giessener_Strasse_60435.jpeg
334,3.1296296296296298,54,Herzogstrasse_60528,Herzogstrasse_60528.jpeg
335,3.6956521739130435,46,Ossietzkystrasse_60598,Ossietzkystrasse_60598.jpeg
336,2.1041666666666665,48,Camberger_Strasse_60327,Camberger_Strasse_60327.jpeg
337,3.72,50,Max-Hirsch-Strasse_60386,Max-Hirsch-Strasse_60386.jpeg
338,2.7346938775510203,49,Hermann-Brill-Strasse_65931,Hermann-Brill-Strasse_65931.jpeg
339,3.4363636363636365,55,Laerchenstrasse_65933,Laerchenstrasse_65933.jpeg
340,3.3230769230769233,65,Birkenweg_60486,Birkenweg_60486.jpeg
341,2.8620689655172415,58,Alt-Zeilsheim_65931,Alt-Zeilsheim_65931.jpeg
342,2.306122448979592,49,Offenbacher_Landstrasse_60599,Offenbacher_Landstrasse_60599.jpeg
343,3.6792452830188678,53,Praechterstrasse_60431,Praechterstrasse_60431.jpeg
344,3.1785714285714284,56,Jaspertstrasse_60435,Jaspertstrasse_60435.jpeg
345,3.4313725490196076,51,Ilkenhansstrasse_60433,Ilkenhansstrasse_60433.jpeg
346,3.116279069767442,43,Fritzlarer_Strasse_60487,Fritzlarer_Strasse_60487.jpeg
347,2.847826086956522,46,Vogelweidstrasse_60596,Vogelweidstrasse_60596.jpeg
348,2.6956521739130435,46,Heinrich-Lanz-Allee_60437,Heinrich-Lanz-Allee_60437.jpeg
349,3.018867924528302,53,Ferdinand-Schrey-Weg_60598,Ferdinand-Schrey-Weg_60598.jpeg
350,2.86,50,Wed_65929,Wed_65929.jpeg
351,3.65625,64,Unterlindau_60323,Unterlindau_60323.jpeg
352,3.4285714285714284,49,Eschersheimer_Landstrasse_60322,Eschersheimer_Landstrasse_60322.jpeg
353,1.75,40,Manskopfstrasse_60486,Manskopfstrasse_60486.jpeg
354,3.6,50,Am_Seckbacher_Preul_60389,Am_Seckbacher_Preul_60389.jpeg
355,2.82,50,Kandelstrasse_60528,Kandelstrasse_60528.jpeg
356,3.5306122448979593,49,Am_Weidenbaum_65933,Am_Weidenbaum_65933.jpeg
357,3.574468085106383,47,Baseler_Strasse_60329,Baseler_Strasse_60329.jpeg
358,3.509433962264151,53,Schottener_Strasse_60435,Schottener_Strasse_60435.jpeg
359,3.1463414634146343,41,An_der_Rosenkranzkirche_60389,An_der_Rosenkranzkirche_60389.jpeg
360,2.979591836734694,49,Loreleistrasse_65929,Loreleistrasse_65929.jpeg
361,3.4,50,Hofeckweg_60320,Hofeckweg_60320.jpeg
362,3.3461538461538463,52,Rechneigrabenstrasse_60311,Rechneigrabenstrasse_60311.jpeg
363,3.388888888888889,54,Martin-Elsaesser-Weg_60314,Martin-Elsaesser-Weg_60314.jpeg
364,2.683333333333333,60,Muehlwehrstrasse_60488,Muehlwehrstrasse_60488.jpeg
365,3.3469387755102042,49,Iselinstrasse_60386,Iselinstrasse_60386.jpeg
366,2.5166666666666666,60,An_der_alten_Ziegelei_60437,An_der_alten_Ziegelei_60437.jpeg
367,3.4680851063829787,47,Wendelsplatz_60598,Wendelsplatz_60598.jpeg
368,3.38,50,Am_Eschbachtal_60437,Am_Eschbachtal_60437.jpeg
369,2.1475409836065573,61,Alter_Gerichtsplatz_60438,Alter_Gerichtsplatz_60438.jpeg
370,2.9285714285714284,56,Zeppelinpark_60486,Zeppelinpark_60486.jpeg
371,2.3333333333333335,60,Haenggasse_60529,Haenggasse_60529.jpeg
372,3.5555555555555554,45,Metzstrasse_60487,Metzstrasse_60487.jpeg
373,3.25,52,Hohenstaufenstrasse_60327,Hohenstaufenstrasse_60327.jpeg
374,2.641025641025641,39,Heidelbachstrasse_60385,Heidelbachstrasse_60385.jpeg
375,2.8095238095238093,63,Woersdorfer_Strasse_60326,Woersdorfer_Strasse_60326.jpeg
376,2.5285714285714285,70,Paquetstrasse_60431,Paquetstrasse_60431.jpeg
377,3.389830508474576,59,Im_Fueldchen_60489,Im_Fueldchen_60489.jpeg
378,3.1176470588235294,51,Okrifteler_Strasse_65931,Okrifteler_Strasse_65931.jpeg
379,2.7045454545454546,44,Schaefers_Gaerten_60431,Schaefers_Gaerten_60431.jpeg
380,3.3962264150943398,53,Weiherstrasse_60314,Weiherstrasse_60314.jpeg
381,2.6530612244897958,49,Alte_Rothofstrasse_60313,Alte_Rothofstrasse_60313.jpeg
382,3.9019607843137254,51,Braunschweiger_Weg_65931,Braunschweiger_Weg_65931.jpeg
383,3.2549019607843137,51,Koernerstrasse_60322,Koernerstrasse_60322.jpeg
384,2.3454545454545452,55,In_den_Schafgaerten_60437,In_den_Schafgaerten_60437.jpeg
385,2.847826086956522,46,Kniebisstrasse_60528,Kniebisstrasse_60528.jpeg
386,3.3508771929824563,57,Wilhelmshoeher_Strasse_60389,Wilhelmshoeher_Strasse_60389.jpeg
387,2.4186046511627906,43,Am_Wingert_60437,Am_Wingert_60437.jpeg
388,3.3333333333333335,48,Wilhelm-Roser-Weg_65929,Wilhelm-Roser-Weg_65929.jpeg
389,3.0232558139534884,43,Dalbergstrasse_65929,Dalbergstrasse_65929.jpeg
390,3.019607843137255,51,August-Schanz-Strasse_60433,August-Schanz-Strasse_60433.jpeg
391,3.6610169491525424,59,Ludwigsburger_Weg_65931,Ludwigsburger_Weg_65931.jpeg
392,3.5344827586206895,58,Schadowstrasse_60596,Schadowstrasse_60596.jpeg
393,2.603448275862069,58,Porzellanhofstrasse_60313,Porzellanhofstrasse_60313.jpeg
394,3.193548387096774,62,Strassheimstrasse_60596,Strassheimstrasse_60596.jpeg
395,2.5789473684210527,57,Steinkleestrasse_60435,Steinkleestrasse_60435.jpeg
396,3.1228070175438596,57,Florianweg_60388,Florianweg_60388.jpeg
397,3.9166666666666665,36,Am_Sandberg_60599,Am_Sandberg_60599.jpeg
398,3.15,40,Basaltstrasse_60487,Basaltstrasse_60487.jpeg
399,3.574468085106383,47,Unterer_Kalbacher_Weg_60437,Unterer_Kalbacher_Weg_60437.jpeg
400,3.767857142857143,56,Klingenweg_60388,Klingenweg_60388.jpeg
401,3.130434782608696,46,Zillestrasse_60488,Zillestrasse_60488.jpeg
402,3.6923076923076925,52,Osthafenplatz_60314,Osthafenplatz_60314.jpeg
403,3.2096774193548385,62,Bruchfeldplatz_60528,Bruchfeldplatz_60528.jpeg
404,2.0689655172413794,58,Gerbermuehlstrasse_60599,Gerbermuehlstrasse_60599.jpeg
405,2.5918367346938775,49,Christiane-Vulpius-Strasse_60438,Christiane-Vulpius-Strasse_60438.jpeg
406,3.108695652173913,46,Reuterweg_60323,Reuterweg_60323.jpeg
407,3.4186046511627906,43,Oeserstrasse_65934,Oeserstrasse_65934.jpeg
408,2.0434782608695654,46,Kleine_Brueckenstrasse_60594,Kleine_Brueckenstrasse_60594.jpeg
409,2.9571428571428573,70,Dietrich-Bonhoeffer-Weg_60389,Dietrich-Bonhoeffer-Weg_60389.jpeg
410,3.4047619047619047,42,Im_Doerner_60388,Im_Doerner_60388.jpeg
411,3.3114754098360657,61,Frauensteinstrasse_60322,Frauensteinstrasse_60322.jpeg
412,3.369565217391304,46,Boehmerstrasse_60322,Boehmerstrasse_60322.jpeg
413,3.8846153846153846,52,Am_Steinberg_60437,Am_Steinberg_60437.jpeg
414,2.836734693877551,49,Zentmarkweg_60489,Zentmarkweg_60489.jpeg
415,3.2972972972972974,37,Ambronenpfad_65929,Ambronenpfad_65929.jpeg
416,3.230769230769231,52,Brommstrasse_60320,Brommstrasse_60320.jpeg
417,3.173076923076923,52,Max-Quarck-Strasse_60596,Max-Quarck-Strasse_60596.jpeg
418,3.388888888888889,54,Merianplatz_60316,Merianplatz_60316.jpeg
419,3.0416666666666665,48,Cretzschmarstrasse_60487,Cretzschmarstrasse_60487.jpeg
420,3.1363636363636362,44,Elisabethenplatz_60486,Elisabethenplatz_60486.jpeg
421,3.6296296296296298,54,Treisberger_Strasse_60439,Treisberger_Strasse_60439.jpeg
422,3.25,44,Ludwig-Scriba-Strasse_65929,Ludwig-Scriba-Strasse_65929.jpeg
423,2.9322033898305087,59,Melemstrasse_60322,Melemstrasse_60322.jpeg
424,3.421875,64,Beunestrasse_65934,Beunestrasse_65934.jpeg
425,3.425,40,Bolongarostrasse_65929,Bolongarostrasse_65929.jpeg
426,3.4210526315789473,38,Marschnerstrasse_60318,Marschnerstrasse_60318.jpeg
427,2.9574468085106385,47,Zehntgasse_60529,Zehntgasse_60529.jpeg
428,3.280701754385965,57,Weserstrasse_60329,Weserstrasse_60329.jpeg
429,2.2115384615384617,52,Floersheimer_Strasse_60326,Floersheimer_Strasse_60326.jpeg
430,2.7096774193548385,62,Sondershausenstrasse_60326,Sondershausenstrasse_60326.jpeg
431,3.4313725490196076,51,Kiebitzpfad_65933,Kiebitzpfad_65933.jpeg
432,3.9696969696969697,66,Zum_Erlengrund_60437,Zum_Erlengrund_60437.jpeg
433,3.44,50,Saarbruecker_Strasse_60529,Saarbruecker_Strasse_60529.jpeg
434,1.8070175438596492,57,Grosse_Bockenheimer_Strasse_(Fressgass´)_60313,Grosse_Bockenheimer_Strasse_(Fressgass´)_60313.jpeg
435,3.640625,64,Gladenbacher_Weg_60489,Gladenbacher_Weg_60489.jpeg
436,3.6842105263157894,38,Zum_Schaeferkoeppel_60437,Zum_Schaeferkoeppel_60437.jpeg
437,3.6458333333333335,48,Schweizer_Platz_60594,Schweizer_Platz_60594.jpeg
438,3.442622950819672,61,Glaserstrasse_60599,Glaserstrasse_60599.jpeg
439,2.819672131147541,61,Schmalkaldener_Strasse_65929,Schmalkaldener_Strasse_65929.jpeg
440,3.357142857142857,42,Im_Teller_60599,Im_Teller_60599.jpeg
441,3.7142857142857144,49,Ludwig-Reinheimer-Strasse_60439,Ludwig-Reinheimer-Strasse_60439.jpeg
442,2.186046511627907,43,Schmickbruecke_60314,Schmickbruecke_60314.jpeg
443,3.657142857142857,35,Birsteiner_Strasse_60386,Birsteiner_Strasse_60386.jpeg
444,2.30188679245283,53,Nieder_Kirchweg_65934,Nieder_Kirchweg_65934.jpeg
445,4.081632653061225,49,Dunckerstrasse_60386,Dunckerstrasse_60386.jpeg
446,3.2549019607843137,51,Schoenecker_Strasse_60388,Schoenecker_Strasse_60388.jpeg
447,2.5789473684210527,38,Rothschildpark_60323,Rothschildpark_60323.jpeg
448,2.625,56,Auf_dem_Gleichen_65934,Auf_dem_Gleichen_65934.jpeg
449,3.4242424242424243,66,Gagernstrasse_60385,Gagernstrasse_60385.jpeg
450,3.574468085106383,47,Feststrasse_60316,Feststrasse_60316.jpeg
451,3.558139534883721,43,Hofgartenweg_60389,Hofgartenweg_60389.jpeg
452,3.142857142857143,42,Riedstrasse_60388,Riedstrasse_60388.jpeg
453,2.3404255319148937,47,Am_Jessenapfel_60435,Am_Jessenapfel_60435.jpeg
454,2.7551020408163267,49,Hoffeldstrasse_60599,Hoffeldstrasse_60599.jpeg
455,3.608695652173913,46,Bruehlstrasse_60439,Bruehlstrasse_60439.jpeg
456,2.980769230769231,52,Francstrasse_60320,Francstrasse_60320.jpeg
457,2.1454545454545455,55,Westenbergerstrasse_65931,Westenbergerstrasse_65931.jpeg
458,2.0,44,Kalbaecher_Gasse_(Fressgass')_60313,Kalbaecher_Gasse_(Fressgass')_60313.jpeg
459,3.3015873015873014,63,Falltorstrasse_60385,Falltorstrasse_60385.jpeg
460,3.4782608695652173,46,Schaubstrasse_60596,Schaubstrasse_60596.jpeg
461,3.739130434782609,46,Georg-Treser-Strasse_60599,Georg-Treser-Strasse_60599.jpeg
462,3.1538461538461537,52,Sulzbacher_Strasse_60326,Sulzbacher_Strasse_60326.jpeg
463,3.3529411764705883,51,Annabergstrasse_65931,Annabergstrasse_65931.jpeg
464,3.3404255319148937,47,Wildunger_Strasse_60487,Wildunger_Strasse_60487.jpeg
465,2.9318181818181817,44,Grafenstrasse_60433,Grafenstrasse_60433.jpeg
466,2.872340425531915,47,Im_Vogelsgesang_60488,Im_Vogelsgesang_60488.jpeg
467,3.119047619047619,42,Horst-Schulmann-Strasse_60314,Horst-Schulmann-Strasse_60314.jpeg
468,3.6666666666666665,45,Klarastrasse_60433,Klarastrasse_60433.jpeg
469,3.020408163265306,49,Fuerstenbergerstrasse_60323,Fuerstenbergerstrasse_60323.jpeg
470,3.6363636363636362,44,Oeder_Weg_60318,Oeder_Weg_60318.jpeg
471,2.2790697674418605,43,Paul-Heyse-Strasse_60431,Paul-Heyse-Strasse_60431.jpeg
472,3.217391304347826,46,Stoltzestrasse_60311,Stoltzestrasse_60311.jpeg
473,3.4,40,In_der_Au_60489,In_der_Au_60489.jpeg
474,3.746268656716418,67,Melsunger_Strasse_60389,Melsunger_Strasse_60389.jpeg
475,2.9722222222222223,36,Trakehner_Strasse_60487,Trakehner_Strasse_60487.jpeg
476,2.462962962962963,54,Ammelburgstrasse_60320,Ammelburgstrasse_60320.jpeg
477,2.9210526315789473,38,Schliemannweg_60435,Schliemannweg_60435.jpeg
478,2.4716981132075473,53,Querstrasse_60322,Querstrasse_60322.jpeg
479,3.4262295081967213,61,Muensterer_Strasse_60326,Muensterer_Strasse_60326.jpeg
480,3.75,48,Scheidswaldstrasse_60385,Scheidswaldstrasse_60385.jpeg
481,3.441860465116279,43,Konstablerwache_60313,Konstablerwache_60313.jpeg
482,2.9272727272727272,55,Taunustor_60310,Taunustor_60310.jpeg
483,2.1136363636363638,44,Robert-Schnitzer-Strasse_65929,Robert-Schnitzer-Strasse_65929.jpeg
484,3.8461538461538463,39,Biedenkopfer_Weg_60489,Biedenkopfer_Weg_60489.jpeg
485,1.9230769230769231,52,Scherbiusstrasse_60486,Scherbiusstrasse_60486.jpeg
486,3.4814814814814814,54,Goetheplatz_60311,Goetheplatz_60311.jpeg
487,2.823529411764706,51,Im_Woerth_60433,Im_Woerth_60433.jpeg
488,2.4186046511627906,43,Haeuser_Gasse_60487,Haeuser_Gasse_60487.jpeg
489,3.5208333333333335,48,Darmstaedter_Landstrasse_60594,Darmstaedter_Landstrasse_60594.jpeg
490,2.026315789473684,38,Kurfuerstenplatz_60486,Kurfuerstenplatz_60486.jpeg
491,3.0655737704918034,61,Unter_den_Buchen_60596,Unter_den_Buchen_60596.jpeg
492,3.235294117647059,51,Rossbachstrasse_60488,Rossbachstrasse_60488.jpeg
493,3.037037037037037,54,Adam-Opel-Strasse_60386,Adam-Opel-Strasse_60386.jpeg
494,3.74468085106383,47,Am_Muehlgarten_60431,Am_Muehlgarten_60431.jpeg
495,3.8222222222222224,45,Eltviller_Strasse_65936,Eltviller_Strasse_65936.jpeg
496,3.5510204081632653,49,Sudermannstrasse_60431,Sudermannstrasse_60431.jpeg
497,2.1333333333333333,30,Carl-Benz-Strasse_60314,Carl-Benz-Strasse_60314.jpeg
498,3.1621621621621623,37,Philippsruher_Strasse_60314,Philippsruher_Strasse_60314.jpeg
499,3.1914893617021276,47,An_der_Pfarrwiese_60437,An_der_Pfarrwiese_60437.jpeg
500,3.5416666666666665,48,Leo-Gans-Strasse_60386,Leo-Gans-Strasse_60386.jpeg
501,3.1785714285714284,56,Eckenheimer_Landstrasse_60435,Eckenheimer_Landstrasse_60435.jpeg
502,3.0,57,Riedbergplatz_60438,Riedbergplatz_60438.jpeg
503,3.1020408163265305,49,Kransberger_Weg_60439,Kransberger_Weg_60439.jpeg
504,3.2586206896551726,58,Fleischergasse_60487,Fleischergasse_60487.jpeg
505,2.9607843137254903,51,Elbinger_Strasse_60487,Elbinger_Strasse_60487.jpeg
506,3.3488372093023258,43,Merziger_Weg_60529,Merziger_Weg_60529.jpeg
507,2.5689655172413794,58,Muthesiusweg_60488,Muthesiusweg_60488.jpeg
508,3.7142857142857144,56,Am_Alten_Volkshaus_60386,Am_Alten_Volkshaus_60386.jpeg
509,1.8793103448275863,58,Voltenseestrasse_60388,Voltenseestrasse_60388.jpeg
510,3.9056603773584904,53,Grosse_Eschenheimer_Strasse_60313,Grosse_Eschenheimer_Strasse_60313.jpeg
511,2.061224489795918,49,Alt-Kalbach_60437,Alt-Kalbach_60437.jpeg
512,3.4489795918367347,49,Eichwaldstrasse_60389,Eichwaldstrasse_60389.jpeg
513,3.0833333333333335,60,Kurfuerstenstrasse_60486,Kurfuerstenstrasse_60486.jpeg
514,2.2790697674418605,43,François-Mitterrand-Platz_60329,François-Mitterrand-Platz_60329.jpeg
515,3.6666666666666665,63,Niederurseler_Landstrasse_60439,Niederurseler_Landstrasse_60439.jpeg
516,2.9583333333333335,48,Oberweg_60318,Oberweg_60318.jpeg
517,3.020408163265306,49,Juchostrasse_60385,Juchostrasse_60385.jpeg
518,3.9298245614035086,57,Wolfshohl_60437,Wolfshohl_60437.jpeg
519,2.0,55,Mahraeckerstrasse_60431,Mahraeckerstrasse_60431.jpeg
520,3.192982456140351,57,Martin-Luther-Strasse_60389,Martin-Luther-Strasse_60389.jpeg
521,2.727272727272727,55,Emser_Bruecke_60486,Emser_Bruecke_60486.jpeg
522,2.8771929824561404,57,Heinz-Saalig-Weg_60386,Heinz-Saalig-Weg_60386.jpeg
523,3.45,60,Feldbergstrasse_60323,Feldbergstrasse_60323.jpeg
524,2.744186046511628,43,Laenderweg_60599,Laenderweg_60599.jpeg
525,3.1818181818181817,44,Martin-Henrich-Anlage_60529,Martin-Henrich-Anlage_60529.jpeg
526,3.1186440677966103,59,Mittelseestrasse_60386,Mittelseestrasse_60386.jpeg
527,3.857142857142857,49,Paul-Ehrlich-Strasse_60596,Paul-Ehrlich-Strasse_60596.jpeg
528,2.4444444444444446,54,Augrabenweg_65929,Augrabenweg_65929.jpeg
529,1.7826086956521738,46,Gerstweg_60528,Gerstweg_60528.jpeg
530,2.482142857142857,56,Carl-Benz-Strasse_60386,Carl-Benz-Strasse_60386.jpeg
531,3.4107142857142856,56,Max-Reger-Strasse_60598,Max-Reger-Strasse_60598.jpeg
532,2.5,34,Alt-Nied_65934,Alt-Nied_65934.jpeg
533,3.6037735849056602,53,Frankensteiner_Strasse_60594,Frankensteiner_Strasse_60594.jpeg
534,3.2244897959183674,49,Goetheplatz_60313,Goetheplatz_60313.jpeg
535,3.509433962264151,53,Koselstrasse_60318,Koselstrasse_60318.jpeg
536,2.1875,48,Schwanheimer_Bruecke_65934,Schwanheimer_Bruecke_65934.jpeg
537,3.18,50,Heinrich-Roessler-Strasse_60433,Heinrich-Roessler-Strasse_60433.jpeg
538,2.9242424242424243,66,Kastellstrasse_60439,Kastellstrasse_60439.jpeg
539,3.8,45,Gemuendener_Strasse_60599,Gemuendener_Strasse_60599.jpeg
540,3.1555555555555554,45,Kronthaler_Strasse_60326,Kronthaler_Strasse_60326.jpeg
541,3.0185185185185186,54,Auf_dem_Muehlberg_60599,Auf_dem_Muehlberg_60599.jpeg
542,2.978723404255319,47,Musikantenweg_60316,Musikantenweg_60316.jpeg
543,1.9803921568627452,51,Kilianstaedter_Strasse_60386,Kilianstaedter_Strasse_60386.jpeg
544,3.1363636363636362,44,Zum_Pfarrturm_60311,Zum_Pfarrturm_60311.jpeg
545,3.061224489795918,49,Heinrich-Limpert-Weg_60599,Heinrich-Limpert-Weg_60599.jpeg
546,2.6595744680851063,47,Mithrasstrasse_60439,Mithrasstrasse_60439.jpeg
547,3.627906976744186,43,Blankenburger_Weg_65931,Blankenburger_Weg_65931.jpeg
548,2.5098039215686274,51,Lyoner_Strasse_60528,Lyoner_Strasse_60528.jpeg
549,3.723404255319149,47,Robert-Mayer-Strasse_60325,Robert-Mayer-Strasse_60325.jpeg
550,3.4545454545454546,44,Elbestrasse_60329,Elbestrasse_60329.jpeg
551,3.130434782608696,46,Barckhausstrasse_60325,Barckhausstrasse_60325.jpeg
552,4.018518518518518,54,Autogenstrasse_65933,Autogenstrasse_65933.jpeg
553,3.7222222222222223,54,Kranichsteiner_Strasse_60598,Kranichsteiner_Strasse_60598.jpeg
554,2.8656716417910446,67,Brossstrasse_60487,Brossstrasse_60487.jpeg
555,3.4705882352941178,51,Zeilweg_60439,Zeilweg_60439.jpeg
556,3.4680851063829787,47,Waidmannstrasse_60596,Waidmannstrasse_60596.jpeg
557,3.7,50,Am_Weimarfloss_60431,Am_Weimarfloss_60431.jpeg
558,3.830508474576271,59,Breitlacherstrasse_60489,Breitlacherstrasse_60489.jpeg
559,3.261904761904762,42,An_den_Weiden_60433,An_den_Weiden_60433.jpeg
560,3.466666666666667,60,Kaulbachstrasse_60594,Kaulbachstrasse_60594.jpeg
561,2.4893617021276597,47,Birkholzweg_60433,Birkholzweg_60433.jpeg
562,3.326923076923077,52,Wildenbruchstrasse_60431,Wildenbruchstrasse_60431.jpeg
563,3.2448979591836733,49,Im_Ziegelfeld_65934,Im_Ziegelfeld_65934.jpeg
564,2.75,48,Nell-Breuning-Strasse_60596,Nell-Breuning-Strasse_60596.jpeg
565,2.9508196721311477,61,Friedberger_Platz_60316,Friedberger_Platz_60316.jpeg
566,3.26,50,Moselstrasse_60329,Moselstrasse_60329.jpeg
567,3.1627906976744184,43,ueber_der_Heiern_60437,ueber_der_Heiern_60437.jpeg
568,3.75,48,Eschenbachstrasse_60596,Eschenbachstrasse_60596.jpeg
569,2.642857142857143,56,Ludwig-Tieck-Strasse_60431,Ludwig-Tieck-Strasse_60431.jpeg
570,2.32,50,Poststrasse_60329,Poststrasse_60329.jpeg
571,2.888888888888889,54,Hammarskjoeldring_60439,Hammarskjoeldring_60439.jpeg
572,2.02,50,Lahnstrasse_60326,Lahnstrasse_60326.jpeg
573,2.5476190476190474,42,Strasse_zur_Internationalen_Schule_65931,Strasse_zur_Internationalen_Schule_65931.jpeg
574,3.2448979591836733,49,Am_Graben_60529,Am_Graben_60529.jpeg
575,3.293103448275862,58,Mark-Aurel-Strasse_60439,Mark-Aurel-Strasse_60439.jpeg
576,2.676470588235294,34,An_der_Rotterdamer_Werft_60327,An_der_Rotterdamer_Werft_60327.jpeg
577,3.5185185185185186,54,Alpenroder_Strasse_65936,Alpenroder_Strasse_65936.jpeg
578,2.6923076923076925,39,Eckenheimer_Schulstrasse_60435,Eckenheimer_Schulstrasse_60435.jpeg
579,3.0185185185185186,54,Lerchesbergring_60598,Lerchesbergring_60598.jpeg
580,3.485294117647059,68,Speckgasse_60599,Speckgasse_60599.jpeg
581,3.3333333333333335,51,Lorsbacher_Strasse_60326,Lorsbacher_Strasse_60326.jpeg
582,2.5294117647058822,51,Osthafenbruecke_60599,Osthafenbruecke_60599.jpeg
583,3.267857142857143,56,In_der_Kruemm_65934,In_der_Kruemm_65934.jpeg
584,2.717391304347826,46,Johann-Klotz-Strasse_60528,Johann-Klotz-Strasse_60528.jpeg
585,1.7254901960784315,51,Cohausenstrasse_60439,Cohausenstrasse_60439.jpeg
586,3.4909090909090907,55,Westhafenplatz_60327,Westhafenplatz_60327.jpeg
587,2.8035714285714284,56,Am_Lindenbaum_60433,Am_Lindenbaum_60433.jpeg
588,3.2045454545454546,44,Junghofstrasse_60315,Junghofstrasse_60315.jpeg
589,3.3191489361702127,47,Luzernenweg_60433,Luzernenweg_60433.jpeg
590,3.702127659574468,47,Im_Heimgarten_60389,Im_Heimgarten_60389.jpeg
591,3.3962264150943398,53,Hessenplatz_60487,Hessenplatz_60487.jpeg
592,2.825,40,Bleiweissstrasse_60599,Bleiweissstrasse_60599.jpeg
593,3.081081081081081,37,Fahrgasse_60311,Fahrgasse_60311.jpeg
594,2.75,48,Niederbornstrasse_60435,Niederbornstrasse_60435.jpeg
595,3.43859649122807,57,Im_Winkel_60388,Im_Winkel_60388.jpeg
596,2.2264150943396226,53,An_der_Oberpforte_60388,An_der_Oberpforte_60388.jpeg
597,3.2857142857142856,49,Haingasse_60388,Haingasse_60388.jpeg
598,3.263157894736842,38,Leonhardskirchhof_60311,Leonhardskirchhof_60311.jpeg
599,3.396551724137931,58,Vogtstrasse_60322,Vogtstrasse_60322.jpeg
600,3.2777777777777777,54,Greifstrasse_60486,Greifstrasse_60486.jpeg
601,3.4035087719298245,57,Schoenstrasse_60327,Schoenstrasse_60327.jpeg
602,3.35,40,An_der_Dammheide_60486,An_der_Dammheide_60486.jpeg
603,3.731707317073171,41,Hans-Burggraf-Anlage_60431,Hans-Burggraf-Anlage_60431.jpeg
604,3.9076923076923076,65,Schmittener_Strasse_60489,Schmittener_Strasse_60489.jpeg
605,3.5319148936170213,47,Klimsch-Anlage_60320,Klimsch-Anlage_60320.jpeg
606,3.183673469387755,49,Enge_Gasse_60433,Enge_Gasse_60433.jpeg
607,2.6444444444444444,45,Unter_den_Eschen_60596,Unter_den_Eschen_60596.jpeg
608,3.375,40,Hedderichstrasse_60594,Hedderichstrasse_60594.jpeg
609,3.0833333333333335,48,Apoldaer_Weg_65931,Apoldaer_Weg_65931.jpeg
610,3.3214285714285716,56,Duesseldorfer_Strasse_60329,Duesseldorfer_Strasse_60329.jpeg
611,3.5,46,Neuer_Weg_60388,Neuer_Weg_60388.jpeg
612,2.963636363636364,55,Woerbachstrasse_60439,Woerbachstrasse_60439.jpeg
613,3.4358974358974357,39,Klueberstrasse_60325,Klueberstrasse_60325.jpeg
614,3.6875,48,Karoline-Veith-Strasse_60486,Karoline-Veith-Strasse_60486.jpeg
615,2.913793103448276,58,An_der_Steinmuehle_65934,An_der_Steinmuehle_65934.jpeg
616,3.42,50,Allerheiligentor_60311,Allerheiligentor_60311.jpeg
617,3.6346153846153846,52,Hochfeldstrasse_60437,Hochfeldstrasse_60437.jpeg
618,3.257575757575758,66,Werner-Bockelmann-Strasse_65934,Werner-Bockelmann-Strasse_65934.jpeg
619,3.2777777777777777,36,Rumpenheimer_Strasse_60388,Rumpenheimer_Strasse_60388.jpeg
620,3.5161290322580645,62,Stefan-Zweig-Strasse_60431,Stefan-Zweig-Strasse_60431.jpeg
621,3.875,56,Oberfeldstrasse_60439,Oberfeldstrasse_60439.jpeg
622,3.4318181818181817,44,Clementineweg_60385,Clementineweg_60385.jpeg
623,2.63265306122449,49,Weckmarkt_60311,Weckmarkt_60311.jpeg
624,3.0,57,Ginnheimer_Hohl_60431,Ginnheimer_Hohl_60431.jpeg
625,2.0,43,Strasse_der_Nationen_60327,Strasse_der_Nationen_60327.jpeg
626,3.278688524590164,61,An_der_Wildhube_60529,An_der_Wildhube_60529.jpeg
627,2.838235294117647,68,Karl-von-Drais-Strasse_60435,Karl-von-Drais-Strasse_60435.jpeg
628,3.3076923076923075,52,Kleinschmidtstrasse_60431,Kleinschmidtstrasse_60431.jpeg
629,3.073170731707317,41,An_der_Faehre_65933,An_der_Faehre_65933.jpeg
630,2.9347826086956523,46,Karl-Schueler-Weg_65929,Karl-Schueler-Weg_65929.jpeg
631,4.023809523809524,42,Im_Nardholz_60433,Im_Nardholz_60433.jpeg
632,2.2777777777777777,54,Fritschengaesschen_60594,Fritschengaesschen_60594.jpeg
633,2.9074074074074074,54,Fleckenbuehlstrasse_60437,Fleckenbuehlstrasse_60437.jpeg
634,2.5294117647058822,34,Roentgenstrasse_60388,Roentgenstrasse_60388.jpeg
635,2.604651162790698,43,Im_Burgfeld_60439,Im_Burgfeld_60439.jpeg
636,2.3421052631578947,38,Sigmund-Freud-Strasse_60435,Sigmund-Freud-Strasse_60435.jpeg
637,3.309090909090909,55,Espenstrasse_65933,Espenstrasse_65933.jpeg
638,3.3333333333333335,51,Am_Huehnerberg_65934,Am_Huehnerberg_65934.jpeg
639,3.176470588235294,51,Kelkheimer_Strasse_60326,Kelkheimer_Strasse_60326.jpeg
640,3.6666666666666665,42,Breidensteiner_Weg_60489,Breidensteiner_Weg_60489.jpeg
641,3.087719298245614,57,Imkerweg_65931,Imkerweg_65931.jpeg
642,3.533333333333333,45,Alt-Praunheim_60488,Alt-Praunheim_60488.jpeg
643,4.173913043478261,46,Roemerberg_60311,Roemerberg_60311.jpeg
644,1.8979591836734695,49,Homburger_Landstrasse_60435,Homburger_Landstrasse_60435.jpeg
645,2.6825396825396823,63,Gickelgasse_60437,Gickelgasse_60437.jpeg
646,3.3095238095238093,42,Wilhelm-Epstein-Strasse_60431,Wilhelm-Epstein-Strasse_60431.jpeg
647,1.9523809523809523,42,Bertramswiese_60320,Bertramswiese_60320.jpeg
648,3.3333333333333335,54,Frankenallee_60327,Frankenallee_60327.jpeg
649,3.558139534883721,43,Schwedenkronenplatz_60313,Schwedenkronenplatz_60313.jpeg
650,2.0961538461538463,52,Daimlerstrasse_60314,Daimlerstrasse_60314.jpeg
651,1.8863636363636365,44,Erich-Ollenhauer-Ring_60439,Erich-Ollenhauer-Ring_60439.jpeg
652,3.671641791044776,67,Bilsteinweg_60435,Bilsteinweg_60435.jpeg
653,3.024390243902439,41,Porthstrasse_60435,Porthstrasse_60435.jpeg
654,3.6470588235294117,51,Schmidtbornstrasse_65934,Schmidtbornstrasse_65934.jpeg
655,3.782608695652174,46,Danneckerstrasse_60594,Danneckerstrasse_60594.jpeg
656,3.5476190476190474,42,Dahlmannstrasse_60385,Dahlmannstrasse_60385.jpeg
657,3.3181818181818183,66,Burnitzstrasse_60596,Burnitzstrasse_60596.jpeg
658,3.5681818181818183,44,Diezer_Strasse_60439,Diezer_Strasse_60439.jpeg
659,2.9791666666666665,48,Buchrainstrasse_60599,Buchrainstrasse_60599.jpeg
660,2.4651162790697674,43,Lissabonner_Strasse_60327,Lissabonner_Strasse_60327.jpeg
661,3.3207547169811322,53,Morgenzeile_60529,Morgenzeile_60529.jpeg
662,3.246153846153846,65,Tillystrasse_65934,Tillystrasse_65934.jpeg
663,3.1666666666666665,54,Hebelstrasse_60318,Hebelstrasse_60318.jpeg
664,2.3902439024390243,41,Heinz-Herbert-Karry-Strasse_60389,Heinz-Herbert-Karry-Strasse_60389.jpeg
665,2.5384615384615383,52,August-Euler-Strasse_60486,August-Euler-Strasse_60486.jpeg
666,3.25,64,Oelmuehlgasse_60489,Oelmuehlgasse_60489.jpeg
667,3.977777777777778,45,Am_Saalenbusch_60386,Am_Saalenbusch_60386.jpeg
668,3.4693877551020407,49,Luxemburgerallee_60385,Luxemburgerallee_60385.jpeg
669,3.0714285714285716,56,Lehmkautstrasse_65931,Lehmkautstrasse_65931.jpeg
670,2.122448979591837,49,Zeppelinallee_60487,Zeppelinallee_60487.jpeg
671,3.450980392156863,51,Palmstrasse_60316,Palmstrasse_60316.jpeg
672,2.302325581395349,43,Kleine_Hochstrasse_60313,Kleine_Hochstrasse_60313.jpeg
673,2.0535714285714284,56,Tischbeinstrasse_60596,Tischbeinstrasse_60596.jpeg
674,3.2037037037037037,54,Mannheimer_Strasse_60329,Mannheimer_Strasse_60329.jpeg
675,2.9591836734693877,49,Am_Kunzengarten_65936,Am_Kunzengarten_65936.jpeg
676,3.5576923076923075,52,Heinestrasse_60322,Heinestrasse_60322.jpeg
677,2.263157894736842,38,Jean-Paul-Strasse_60320,Jean-Paul-Strasse_60320.jpeg
678,3.347826086956522,46,Alter_Wartweg_60388,Alter_Wartweg_60388.jpeg
679,2.6923076923076925,52,Walter-Schwagenscheidt-Platz_60439,Walter-Schwagenscheidt-Platz_60439.jpeg
680,2.2857142857142856,49,Hungener_Strasse_60389,Hungener_Strasse_60389.jpeg
681,2.433333333333333,60,Sossenheimer_Muehlgasse_65936,Sossenheimer_Muehlgasse_65936.jpeg
682,3.55,40,Dehnhardtstrasse_60433,Dehnhardtstrasse_60433.jpeg
683,3.4545454545454546,44,Mainzer_Landstrasse_60327,Mainzer_Landstrasse_60327.jpeg
684,3.816326530612245,49,Pfannmuellerstrasse_60488,Pfannmuellerstrasse_60488.jpeg
685,3.5238095238095237,42,Haardtwaldplatz_60528,Haardtwaldplatz_60528.jpeg
686,2.7804878048780486,41,Sandplackenstrasse_60488,Sandplackenstrasse_60488.jpeg
687,3.1228070175438596,57,Orthstrasse_60385,Orthstrasse_60385.jpeg
688,3.5952380952380953,42,Katzenpforte_60313,Katzenpforte_60313.jpeg
689,2.372093023255814,43,Duerkheimer_Strasse_65934,Duerkheimer_Strasse_65934.jpeg
690,2.1818181818181817,44,Am_Gemeindegarten_65933,Am_Gemeindegarten_65933.jpeg
691,2.3333333333333335,48,Emser_Bruecke_60327,Emser_Bruecke_60327.jpeg
692,2.8181818181818183,55,Kastanienstrasse_65933,Kastanienstrasse_65933.jpeg
693,3.66,50,Eschenheimer_Anlage_60318,Eschenheimer_Anlage_60318.jpeg
694,2.8636363636363638,44,Obere_Ruetzelstrasse_65933,Obere_Ruetzelstrasse_65933.jpeg
695,2.869565217391304,46,In_den_Aspen_60437,In_den_Aspen_60437.jpeg
696,3.4523809523809526,42,Kurzroederstrasse_60435,Kurzroederstrasse_60435.jpeg
697,1.8636363636363635,44,An_der_Festeburg_60389,An_der_Festeburg_60389.jpeg
698,2.6037735849056602,53,Erntestrasse_60327,Erntestrasse_60327.jpeg
699,3.107142857142857,56,Adolfstrasse_60528,Adolfstrasse_60528.jpeg
700,2.642857142857143,42,Ackermannstrasse_60326,Ackermannstrasse_60326.jpeg
701,3.1454545454545455,55,Rossdorfer_Strasse_60385,Rossdorfer_Strasse_60385.jpeg
702,2.6607142857142856,56,Adolf-Leweke-Strasse_60435,Adolf-Leweke-Strasse_60435.jpeg
703,3.9210526315789473,38,Marbachweg_60389,Marbachweg_60389.jpeg
704,2.7906976744186047,43,Karl-Marx-Strasse_60386,Karl-Marx-Strasse_60386.jpeg
705,3.1777777777777776,45,Otto-Brenner-Strasse_65936,Otto-Brenner-Strasse_65936.jpeg
706,3.4081632653061225,49,Holzhausenstrasse_60322,Holzhausenstrasse_60322.jpeg
707,3.0851063829787235,47,Ignatz-Bubis-Bruecke_60311,Ignatz-Bubis-Bruecke_60311.jpeg
708,3.148936170212766,47,Ettinghausen-Platz_65929,Ettinghausen-Platz_65929.jpeg
709,2.1666666666666665,48,In_den_Seewiesen_60437,In_den_Seewiesen_60437.jpeg
710,2.923076923076923,52,Inckusstrasse_60320,Inckusstrasse_60320.jpeg
711,3.369565217391304,46,Alte_Fahrt_60437,Alte_Fahrt_60437.jpeg
712,3.80327868852459,61,Arnsburger_Strasse_60385,Arnsburger_Strasse_60385.jpeg
713,3.54,50,Kueferstrasse_65931,Kueferstrasse_65931.jpeg
714,3.5254237288135593,59,Gederner_Strasse_60435,Gederner_Strasse_60435.jpeg
715,2.1272727272727274,55,Pfingstbornstrasse_65931,Pfingstbornstrasse_65931.jpeg
716,3.2758620689655173,58,Roedelheimer_Landstrasse_60486,Roedelheimer_Landstrasse_60486.jpeg
717,3.7169811320754715,53,Schalksbornstrasse_60388,Schalksbornstrasse_60388.jpeg
718,3.489795918367347,49,Alfred-Delp-Strasse_60599,Alfred-Delp-Strasse_60599.jpeg
719,3.6222222222222222,45,Marianne-Beuchert-Platz_60435,Marianne-Beuchert-Platz_60435.jpeg
720,2.5384615384615383,52,Gref-Voelsing-Strasse_60314,Gref-Voelsing-Strasse_60314.jpeg
721,3.2063492063492065,63,Diesterwegplatz_60594,Diesterwegplatz_60594.jpeg
722,3.25,48,Jakobsbrunnenstrasse_60386,Jakobsbrunnenstrasse_60386.jpeg
723,2.1555555555555554,45,Friedrich-Kahl-Strasse_60489,Friedrich-Kahl-Strasse_60489.jpeg
724,3.5135135135135136,37,Grosse_Gallusstrasse_60311,Grosse_Gallusstrasse_60311.jpeg
725,3.975,40,Am_Steinernen_Kreuz_65933,Am_Steinernen_Kreuz_65933.jpeg
726,2.4,55,Niederurseler_Steg_60439,Niederurseler_Steg_60439.jpeg
727,3.225,40,Kleemannstrasse_60489,Kleemannstrasse_60489.jpeg
728,3.423076923076923,52,Tacitusstrasse_60439,Tacitusstrasse_60439.jpeg
729,2.62,50,Pflugstrasse_60431,Pflugstrasse_60431.jpeg
730,2.9361702127659575,47,Leibbrandstrasse_60314,Leibbrandstrasse_60314.jpeg
731,3.634920634920635,63,Siebenbuergenstrasse_60388,Siebenbuergenstrasse_60388.jpeg
732,2.7804878048780486,41,Im_Eichwaeldchen_60488,Im_Eichwaeldchen_60488.jpeg
733,3.1587301587301586,63,Philipp-Holzmann-Weg_60314,Philipp-Holzmann-Weg_60314.jpeg
734,3.375,48,Nusszeil_60433,Nusszeil_60433.jpeg
735,3.156862745098039,51,Fabriciusstrasse_65933,Fabriciusstrasse_65933.jpeg
736,3.357142857142857,56,Baerenstrasse_60316,Baerenstrasse_60316.jpeg
737,3.130434782608696,46,Taubenstrasse_60313,Taubenstrasse_60313.jpeg
738,3.2448979591836733,49,Huegelstrasse_60433,Huegelstrasse_60433.jpeg
739,3.9393939393939394,33,Pfortenstrasse_60386,Pfortenstrasse_60386.jpeg
740,3.1147540983606556,61,Adelonstrasse_65929,Adelonstrasse_65929.jpeg
741,3.5142857142857142,35,Vilbeler_Strasse_60313,Vilbeler_Strasse_60313.jpeg
742,3.685185185185185,54,Neue_Boersenstrasse_60487,Neue_Boersenstrasse_60487.jpeg
743,2.3389830508474576,59,Wilhelm-Schmelz-Weg_65934,Wilhelm-Schmelz-Weg_65934.jpeg
744,2.8703703703703702,54,Burgenlandweg_60599,Burgenlandweg_60599.jpeg
745,3.7884615384615383,52,Karpfenweg_60327,Karpfenweg_60327.jpeg
746,3.2264150943396226,53,Eschersheimer_Landstrasse_60323,Eschersheimer_Landstrasse_60323.jpeg
747,3.7796610169491527,59,Niddagaustrasse_60489,Niddagaustrasse_60489.jpeg
748,3.608695652173913,46,Lichtensteinstrasse_60322,Lichtensteinstrasse_60322.jpeg
749,3.06,50,Kurzgasse_60489,Kurzgasse_60489.jpeg
750,3.6724137931034484,58,Alt-Eschersheim_60433,Alt-Eschersheim_60433.jpeg
751,3.736842105263158,57,Stegstrasse_60594,Stegstrasse_60594.jpeg
752,3.4328358208955225,67,Guenther-Groenhoff-Strasse_60487,Guenther-Groenhoff-Strasse_60487.jpeg
753,3.734375,64,Riedrain_65936,Riedrain_65936.jpeg
754,2.7454545454545456,55,Huegelstrasse_60435,Huegelstrasse_60435.jpeg
755,2.327272727272727,55,Flughafenstrasse_60528,Flughafenstrasse_60528.jpeg
756,3.625,40,Schneidmuehlenweg_65929,Schneidmuehlenweg_65929.jpeg
757,2.925,40,Friedrich-Ebert-Anlage_60325,Friedrich-Ebert-Anlage_60325.jpeg
758,2.4761904761904763,42,Friedberger_Tor_60313,Friedberger_Tor_60313.jpeg
759,2.0350877192982457,57,Adlerflychtplatz_60318,Adlerflychtplatz_60318.jpeg
760,2.825,40,Kurhessenstrasse_60431,Kurhessenstrasse_60431.jpeg
761,2.933333333333333,60,Neue_Mainzer_Strasse_60311,Neue_Mainzer_Strasse_60311.jpeg
762,3.4565217391304346,46,Schifferstrasse_60594,Schifferstrasse_60594.jpeg
763,3.5344827586206895,58,Kaiserstrasse_60311,Kaiserstrasse_60311.jpeg
764,3.3,50,Braumannstrasse_60435,Braumannstrasse_60435.jpeg
765,3.3488372093023258,43,Berger_Strasse_60316,Berger_Strasse_60316.jpeg
766,3.5576923076923075,52,Bornheimer_Landstrasse_60316,Bornheimer_Landstrasse_60316.jpeg
767,3.388888888888889,54,Ben-Gurion-Ring_60437,Ben-Gurion-Ring_60437.jpeg
768,3.161290322580645,62,Idsteiner_Strasse_60326,Idsteiner_Strasse_60326.jpeg
769,3.4210526315789473,57,Paul-Bode-Strasse_60433,Paul-Bode-Strasse_60433.jpeg
770,3.1129032258064515,62,Juliusstrasse_60487,Juliusstrasse_60487.jpeg
771,2.32,50,Wismarer_Strasse_60323,Wismarer_Strasse_60323.jpeg
772,3.338709677419355,62,Lappengasse_60386,Lappengasse_60386.jpeg
773,2.488372093023256,43,Bundenweg_60320,Bundenweg_60320.jpeg
774,3.5846153846153848,65,In_den_Zeulaeckern_60389,In_den_Zeulaeckern_60389.jpeg
775,3.3260869565217392,46,Niedergaertenstrasse_60435,Niedergaertenstrasse_60435.jpeg
776,3.4444444444444446,45,Fuchshohl_60431,Fuchshohl_60431.jpeg
777,1.6785714285714286,56,Bruno-Poelke-Strasse_60486,Bruno-Poelke-Strasse_60486.jpeg
778,1.98,50,Carl-Heicke-Weg_60385,Carl-Heicke-Weg_60385.jpeg
779,3.9482758620689653,58,Kolberger_Weg_65931,Kolberger_Weg_65931.jpeg
780,3.75,52,Titusstrasse_60439,Titusstrasse_60439.jpeg
781,3.42,50,Jungmannstrasse_65933,Jungmannstrasse_65933.jpeg
782,3.5098039215686274,51,An_den_Gerlachswiesen_60388,An_den_Gerlachswiesen_60388.jpeg
783,3.2708333333333335,48,Florastrasse_60487,Florastrasse_60487.jpeg
784,3.230769230769231,52,Hafnerstrasse_65933,Hafnerstrasse_65933.jpeg
785,3.240740740740741,54,Hansaallee_60322,Hansaallee_60322.jpeg
786,3.425,40,Schenkendorfstrasse_60431,Schenkendorfstrasse_60431.jpeg
787,3.25,44,Gervinusstrasse_60322,Gervinusstrasse_60322.jpeg
788,3.869565217391304,46,Pferdskopfweg_65931,Pferdskopfweg_65931.jpeg
789,3.3333333333333335,51,An_der_Hauptwache_60313,An_der_Hauptwache_60313.jpeg
790,2.6363636363636362,66,Blauhandgasse_60311,Blauhandgasse_60311.jpeg
791,1.8636363636363635,44,Schreberweg_60489,Schreberweg_60489.jpeg
792,3.392857142857143,56,Felsenbirnenweg_65929,Felsenbirnenweg_65929.jpeg
793,2.685185185185185,54,Zur_Kalbacher_Hoehe_60438,Zur_Kalbacher_Hoehe_60438.jpeg
794,3.5952380952380953,42,Oeder_Weg_60322,Oeder_Weg_60322.jpeg
795,2.4468085106382977,47,Freiherr-vom-Stein-Strasse_60323,Freiherr-vom-Stein-Strasse_60323.jpeg
796,3.6,55,Taufsteinweg_60435,Taufsteinweg_60435.jpeg
797,3.3666666666666667,60,Balduinstrasse_60599,Balduinstrasse_60599.jpeg
798,3.6041666666666665,48,Alte_Riedbergstrasse_60437,Alte_Riedbergstrasse_60437.jpeg
799,3.7777777777777777,63,Pfingstweidstrasse_60316,Pfingstweidstrasse_60316.jpeg
800,1.6326530612244898,49,Heinrich-Hopf-Strasse_65936,Heinrich-Hopf-Strasse_65936.jpeg
801,2.5510204081632653,49,Martin-Elsaesser-Platz_60314,Martin-Elsaesser-Platz_60314.jpeg
802,2.5555555555555554,45,Markt_60311,Markt_60311.jpeg
803,3.152173913043478,46,Spielmannstrasse_65934,Spielmannstrasse_65934.jpeg
804,2.5483870967741935,62,Tilsiter_Strasse_60487,Tilsiter_Strasse_60487.jpeg
805,3.066666666666667,60,Konstantinstrasse_60439,Konstantinstrasse_60439.jpeg
806,3.1636363636363636,55,Reifenberger_Strasse_60489,Reifenberger_Strasse_60489.jpeg
807,3.297872340425532,47,Nathan-Trier-Strasse_65933,Nathan-Trier-Strasse_65933.jpeg
808,3.6984126984126986,63,Merzenstrasse_60437,Merzenstrasse_60437.jpeg
809,3.13953488372093,43,Am_Ameisenberg_60385,Am_Ameisenberg_60385.jpeg
810,3.260869565217391,46,Rudolf-Hilferding-Strasse_60439,Rudolf-Hilferding-Strasse_60439.jpeg
811,3.630434782608696,46,Loensweg_60529,Loensweg_60529.jpeg
812,3.2045454545454546,44,Kleine_Wiesenau_60323,Kleine_Wiesenau_60323.jpeg
813,2.441860465116279,43,Colmarer_Strasse_60528,Colmarer_Strasse_60528.jpeg
814,3.5660377358490565,53,Baumweg_60316,Baumweg_60316.jpeg
815,3.036363636363636,55,Ringelnatzgaesschen_60431,Ringelnatzgaesschen_60431.jpeg
816,2.9074074074074074,54,Unter_den_Akazien_60596,Unter_den_Akazien_60596.jpeg
817,3.3461538461538463,52,Hoechster_Bahnstrasse_65929,Hoechster_Bahnstrasse_65929.jpeg
818,3.293103448275862,58,Matthias-Beltz-Platz_60318,Matthias-Beltz-Platz_60318.jpeg
819,3.0638297872340425,47,Albert-Linel-Strasse_60486,Albert-Linel-Strasse_60486.jpeg
820,3.5660377358490565,53,Kattowitzer_Strasse_65933,Kattowitzer_Strasse_65933.jpeg
821,1.88135593220339,59,Stuetzelaeckerweg_60489,Stuetzelaeckerweg_60489.jpeg
822,3.6,45,Ringelstrasse_60385,Ringelstrasse_60385.jpeg
823,2.8333333333333335,42,Scheidstrasse_60320,Scheidstrasse_60320.jpeg
824,3.6382978723404253,47,Am_Wendelsgarten_60437,Am_Wendelsgarten_60437.jpeg
825,2.8135593220338984,59,An_den_Drei_Brunnen_60431,An_den_Drei_Brunnen_60431.jpeg
826,3.4489795918367347,49,Josef-Dey-Weg_65929,Josef-Dey-Weg_65929.jpeg
827,3.761904761904762,42,Mendelssohnstrasse_60325,Mendelssohnstrasse_60325.jpeg
828,3.4166666666666665,48,Jacob-Schiff-Strasse_60433,Jacob-Schiff-Strasse_60433.jpeg
829,3.4242424242424243,33,Lotzstrasse_65934,Lotzstrasse_65934.jpeg
830,3.150943396226415,53,Nassauer_Strasse_60439,Nassauer_Strasse_60439.jpeg
831,3.0757575757575757,66,Hersfelder_Strasse_60487,Hersfelder_Strasse_60487.jpeg
832,2.789473684210526,57,Am_Michlersbrunnen_60388,Am_Michlersbrunnen_60388.jpeg
833,3.175,40,Eppsteiner_Strasse_60323,Eppsteiner_Strasse_60323.jpeg
834,3.611111111111111,36,Schweizer_Strasse_60594,Schweizer_Strasse_60594.jpeg
835,1.9285714285714286,56,Cheruskerweg_65929,Cheruskerweg_65929.jpeg
836,3.0625,48,Heidetraenkstrasse_60439,Heidetraenkstrasse_60439.jpeg
837,3.533333333333333,45,Jungstrasse_60486,Jungstrasse_60486.jpeg
838,3.22,50,Auerswaldstrasse_60385,Auerswaldstrasse_60385.jpeg
839,1.8070175438596492,57,Ostpark_60385,Ostpark_60385.jpeg
840,3.3392857142857144,56,Neumannstrasse_60433,Neumannstrasse_60433.jpeg
841,2.180327868852459,61,Heinrich-Hardt-Strasse_65933,Heinrich-Hardt-Strasse_65933.jpeg
842,3.588235294117647,51,Frauenlobstrasse_60487,Frauenlobstrasse_60487.jpeg
843,3.6346153846153846,52,Grosse_Gallusstrasse_60315,Grosse_Gallusstrasse_60315.jpeg
844,2.5,40,Ehingerstrasse_60326,Ehingerstrasse_60326.jpeg
845,3.357142857142857,42,Schillerstrasse_60313,Schillerstrasse_60313.jpeg
846,3.2280701754385963,57,Egelsbacher_Strasse_60528,Egelsbacher_Strasse_60528.jpeg
847,2.8703703703703702,54,Alte_Bruecke_60594,Alte_Bruecke_60594.jpeg
848,2.7777777777777777,54,Odrellstrasse_60486,Odrellstrasse_60486.jpeg
849,3.3125,64,Liliencronstrasse_60320,Liliencronstrasse_60320.jpeg
850,3.3777777777777778,45,Strubbergstrasse_60489,Strubbergstrasse_60489.jpeg
851,3.4827586206896552,58,Rossmarkt_60311,Rossmarkt_60311.jpeg
852,2.617021276595745,47,Oestricher_Weg_60529,Oestricher_Weg_60529.jpeg
853,3.4680851063829787,47,Truempertstrasse_60489,Truempertstrasse_60489.jpeg
854,2.1956521739130435,46,Felix-Wankel-Strasse_60314,Felix-Wankel-Strasse_60314.jpeg
855,3.6538461538461537,52,Herrnstrasse_60599,Herrnstrasse_60599.jpeg
856,2.9361702127659575,47,Johanna-Kirchner-Strasse_60488,Johanna-Kirchner-Strasse_60488.jpeg
857,3.510204081632653,49,Friedensstrasse_60311,Friedensstrasse_60311.jpeg
858,3.2888888888888888,45,Waldschulstrasse_65933,Waldschulstrasse_65933.jpeg
859,3.142857142857143,49,Hollerkopfstrasse_60439,Hollerkopfstrasse_60439.jpeg
860,3.175438596491228,57,Sophie-von-La-Roche-Weg_60431,Sophie-von-La-Roche-Weg_60431.jpeg
861,3.1132075471698113,53,Esperantostrasse_60598,Esperantostrasse_60598.jpeg
862,3.3125,48,An_der_Gruenhohl_60437,An_der_Gruenhohl_60437.jpeg
863,3.3518518518518516,54,Am_Salzhaus_60311,Am_Salzhaus_60311.jpeg
864,2.558139534883721,43,Heddernheimer_Landstrasse_60439,Heddernheimer_Landstrasse_60439.jpeg
865,3.15,40,Bottenhorner_Weg_60489,Bottenhorner_Weg_60489.jpeg
866,2.9047619047619047,42,Rebstoecker_Weg_60489,Rebstoecker_Weg_60489.jpeg
867,3.372549019607843,51,de-Ridder-Weg_65929,de-Ridder-Weg_65929.jpeg
868,2.736842105263158,38,Toni-Sender-Strasse_65936,Toni-Sender-Strasse_65936.jpeg
869,1.8837209302325582,43,Schneiderstrasse_65931,Schneiderstrasse_65931.jpeg
870,3.5090909090909093,55,Ostpreussenstrasse_60388,Ostpreussenstrasse_60388.jpeg
871,3.1153846153846154,52,Coventrystrasse_65934,Coventrystrasse_65934.jpeg
872,3.061224489795918,49,Bolongarostrasse_65934,Bolongarostrasse_65934.jpeg
873,2.8085106382978724,47,Am_Hohen_Weg_60488,Am_Hohen_Weg_60488.jpeg
874,3.0,57,Ludwigshafener_Strasse_65929,Ludwigshafener_Strasse_65929.jpeg
875,2.6333333333333333,60,Weisskirchener_Weg_60439,Weisskirchener_Weg_60439.jpeg
876,3.020408163265306,49,Langheckenweg_60433,Langheckenweg_60433.jpeg
877,3.7735849056603774,53,Toeplitzstrasse_60596,Toeplitzstrasse_60596.jpeg
878,2.2222222222222223,45,Schwanenstrasse_60314,Schwanenstrasse_60314.jpeg
879,3.1176470588235294,51,Am_Schwalbenschwanz_60431,Am_Schwalbenschwanz_60431.jpeg
880,3.317073170731707,41,Zeppelinallee_60325,Zeppelinallee_60325.jpeg
881,2.142857142857143,49,Triftstrasse_60528,Triftstrasse_60528.jpeg
882,3.25,52,Schulze-Delitzsch-Strasse_60386,Schulze-Delitzsch-Strasse_60386.jpeg
883,3.125,56,Erich-Fromm-Platz_60323,Erich-Fromm-Platz_60323.jpeg
884,3.3636363636363638,55,Windmuehlstrasse_60329,Windmuehlstrasse_60329.jpeg
885,2.75,40,Ignatz-Bubis-Bruecke_60594,Ignatz-Bubis-Bruecke_60594.jpeg
886,3.6041666666666665,48,Burglehen_60386,Burglehen_60386.jpeg
887,2.847826086956522,46,Wallstrasse_60594,Wallstrasse_60594.jpeg
888,2.6222222222222222,45,Grusonstrasse_60314,Grusonstrasse_60314.jpeg
889,2.8461538461538463,39,Herrenapfelstrasse_60435,Herrenapfelstrasse_60435.jpeg
890,3.340909090909091,44,Frauenhofstrasse_60528,Frauenhofstrasse_60528.jpeg
891,3.6808510638297873,47,Engelsruhe_65929,Engelsruhe_65929.jpeg
892,2.3043478260869565,46,Gustavsburgplatz_60326,Gustavsburgplatz_60326.jpeg
893,3.4583333333333335,48,Langobardenweg_65929,Langobardenweg_65929.jpeg
894,3.260869565217391,46,Kurt-Blaum-Strasse_65934,Kurt-Blaum-Strasse_65934.jpeg
895,3.108695652173913,46,Neuenhainer_Strasse_60326,Neuenhainer_Strasse_60326.jpeg
896,3.694915254237288,59,Amselweg_65929,Amselweg_65929.jpeg
897,3.7083333333333335,48,Klingenberger_Strasse_60599,Klingenberger_Strasse_60599.jpeg
898,3.659090909090909,44,Zwischenstrasse_60594,Zwischenstrasse_60594.jpeg
899,3.3653846153846154,52,Am_Hauptbahnhof_60329,Am_Hauptbahnhof_60329.jpeg
900,2.9782608695652173,46,Ernst-Achilles-Platz_60314,Ernst-Achilles-Platz_60314.jpeg
901,3.0,37,Breubergstrasse_60528,Breubergstrasse_60528.jpeg
902,3.088888888888889,45,Kappusstrasse_65936,Kappusstrasse_65936.jpeg
903,3.2142857142857144,56,Hofheimer_Strasse_65931,Hofheimer_Strasse_65931.jpeg
904,3.0217391304347827,46,Obermainanlage_60314,Obermainanlage_60314.jpeg
905,3.488888888888889,45,Eppenhainer_Strasse_60326,Eppenhainer_Strasse_60326.jpeg
906,3.393939393939394,33,Schoene_Aussicht_60311,Schoene_Aussicht_60311.jpeg
907,3.682926829268293,41,Schaefergasse_60313,Schaefergasse_60313.jpeg
908,1.5087719298245614,57,Gruene_Weide_65934,Gruene_Weide_65934.jpeg
909,3.422222222222222,45,Seehofstrasse_60594,Seehofstrasse_60594.jpeg
910,3.84,50,In_den_Biegen_60437,In_den_Biegen_60437.jpeg
911,1.6521739130434783,46,Niederraeder_Bruecke_60528,Niederraeder_Bruecke_60528.jpeg
912,3.1041666666666665,48,Hinter_der_Burg_60388,Hinter_der_Burg_60388.jpeg
913,1.9411764705882353,51,An_der_Tillylinde_60529,An_der_Tillylinde_60529.jpeg
914,1.9615384615384615,52,Guenthersburgpark_60389,Guenthersburgpark_60389.jpeg
915,2.260869565217391,46,Stichlingstrasse_60327,Stichlingstrasse_60327.jpeg
916,3.6666666666666665,39,An_den_Roethen_60389,An_den_Roethen_60389.jpeg
917,2.3333333333333335,51,Raugasse_65929,Raugasse_65929.jpeg
918,3.0638297872340425,47,Ostbahnhofstrasse_60314,Ostbahnhofstrasse_60314.jpeg
919,3.608695652173913,46,Schopenhauerstrasse_60316,Schopenhauerstrasse_60316.jpeg
920,3.389830508474576,59,H.-P.-Mueller-Platz_60439,H.-P.-Mueller-Platz_60439.jpeg
921,3.4324324324324325,37,Kurt-Schumacher-Strasse_60313,Kurt-Schumacher-Strasse_60313.jpeg
922,3.5405405405405403,37,Weilbrunnstrasse_60435,Weilbrunnstrasse_60435.jpeg
923,3.357142857142857,56,Friedrich-Stoltze-Platz_60311,Friedrich-Stoltze-Platz_60311.jpeg
924,3.1964285714285716,56,Carl-Theodor-Reiffenstein-Platz_60313,Carl-Theodor-Reiffenstein-Platz_60313.jpeg
925,2.6440677966101696,59,Hohe_Kanzel_65931,Hohe_Kanzel_65931.jpeg
926,1.9411764705882353,51,Bockenheimer_Anlage_60322,Bockenheimer_Anlage_60322.jpeg
927,2.9591836734693877,49,Andreasplatz_65929,Andreasplatz_65929.jpeg
928,2.5090909090909093,55,Schreyerstrasse_60596,Schreyerstrasse_60596.jpeg
929,3.6440677966101696,59,Kinkelstrasse_60385,Kinkelstrasse_60385.jpeg
930,3.4,55,Am_Kreuz_65936,Am_Kreuz_65936.jpeg
931,3.0851063829787235,47,Bachmannstrasse_60488,Bachmannstrasse_60488.jpeg
932,3.574468085106383,47,Ginsterweg_60433,Ginsterweg_60433.jpeg
933,3.0,40,Roedelheimer_Parkweg_60489,Roedelheimer_Parkweg_60489.jpeg
934,2.2295081967213113,61,Schmickstrasse_60314,Schmickstrasse_60314.jpeg
935,3.3333333333333335,39,Josef-May-Strasse_60489,Josef-May-Strasse_60489.jpeg
936,3.509433962264151,53,Roggengasse_65929,Roggengasse_65929.jpeg
937,3.1818181818181817,66,Langweidenstrasse_60488,Langweidenstrasse_60488.jpeg
938,3.64,50,Eschersheimer_Landstrasse_60320,Eschersheimer_Landstrasse_60320.jpeg
939,2.0952380952380953,42,An_den_Katharinenhoefen_60486,An_den_Katharinenhoefen_60486.jpeg
940,3.186046511627907,43,Teutonenweg_65929,Teutonenweg_65929.jpeg
941,2.9591836734693877,49,Schleifergasse_65929,Schleifergasse_65929.jpeg
942,3.693877551020408,49,Heiligkreuzgasse_60313,Heiligkreuzgasse_60313.jpeg
943,1.631578947368421,57,Heussenstammstrasse_60433,Heussenstammstrasse_60433.jpeg
944,3.830769230769231,65,Niedwiesenstrasse_60431,Niedwiesenstrasse_60431.jpeg
945,3.0392156862745097,51,Marburger_Strasse_60487,Marburger_Strasse_60487.jpeg
946,3.3,50,Saalhof_60311,Saalhof_60311.jpeg
947,3.255813953488372,43,Sonnemannstrasse_60314,Sonnemannstrasse_60314.jpeg
948,3.2413793103448274,58,Grosser_Hasenpfad_60598,Grosser_Hasenpfad_60598.jpeg
949,3.627450980392157,51,Meininger_Weg_65931,Meininger_Weg_65931.jpeg
950,3.2115384615384617,52,Nikolaus-Brum-Strasse_65936,Nikolaus-Brum-Strasse_65936.jpeg
951,3.15,40,An_den_Pflanzlaendern_60488,An_den_Pflanzlaendern_60488.jpeg
952,3.2982456140350878,57,Achenbachstrasse_60596,Achenbachstrasse_60596.jpeg
953,3.537037037037037,54,Herderstrasse_60316,Herderstrasse_60316.jpeg
954,3.103448275862069,58,Lessingstrasse_60325,Lessingstrasse_60325.jpeg
955,3.0,55,Kleiststrasse_60318,Kleiststrasse_60318.jpeg
956,3.641509433962264,53,Liesel-Christ-Anlage_60322,Liesel-Christ-Anlage_60322.jpeg
957,3.372549019607843,51,Stephanstrasse_60313,Stephanstrasse_60313.jpeg
958,3.6551724137931036,58,Jenaer_Weg_65931,Jenaer_Weg_65931.jpeg
959,3.0,47,Kolbenbergstrasse_60488,Kolbenbergstrasse_60488.jpeg
960,3.169811320754717,53,Odenwaldstrasse_60528,Odenwaldstrasse_60528.jpeg
961,3.311111111111111,45,Alter_Schulpfad_65934,Alter_Schulpfad_65934.jpeg
962,2.6607142857142856,56,Niedernhausener_Strasse_60326,Niedernhausener_Strasse_60326.jpeg
963,2.9655172413793105,58,Oberraeder_Markt_60599,Oberraeder_Markt_60599.jpeg
964,3.4324324324324325,37,Comeniusstrasse_60389,Comeniusstrasse_60389.jpeg
965,2.4035087719298245,57,Kalbacher_Hauptstrasse_60437,Kalbacher_Hauptstrasse_60437.jpeg
966,2.642857142857143,56,Klapperfeldstrasse_60313,Klapperfeldstrasse_60313.jpeg
967,2.7142857142857144,49,Rotfeder_Ring_60327,Rotfeder_Ring_60327.jpeg
968,3.033333333333333,60,Lindenhag_65933,Lindenhag_65933.jpeg
969,3.1346153846153846,52,Kirchpfad_60528,Kirchpfad_60528.jpeg
970,2.872340425531915,47,Thomestrasse_65936,Thomestrasse_65936.jpeg
971,3.5106382978723403,47,Honsellstrasse_60314,Honsellstrasse_60314.jpeg
972,2.6666666666666665,51,Deutschherrnufer_60594,Deutschherrnufer_60594.jpeg
973,2.020408163265306,49,Mainfeldstrasse_60528,Mainfeldstrasse_60528.jpeg
974,2.9206349206349205,63,Carbonestrasse_60437,Carbonestrasse_60437.jpeg
975,2.0961538461538463,52,Otto-Horn-Strasse_65929,Otto-Horn-Strasse_65929.jpeg
976,3.3469387755102042,49,Rotkehlchenweg_65929,Rotkehlchenweg_65929.jpeg
977,3.4489795918367347,49,Neue_Niedenau_60325,Neue_Niedenau_60325.jpeg
